Make,Model,Media_preco
AM,General,59934.21052631579
Acura,CLAutomatic,4492.666666666667
Acura,CLManual,4493.0
Acura,CLType-S,5207.736842105263
Acura,ILX4dr,15490.0
Acura,ILX5-Speed,17214.413636363635
Acura,ILX6-Speed,16240.052631578947
Acura,ILXAcuraWatch,21908.14285714286
Acura,ILXAutomatic,22464.898395721924
Acura,ILXHybrid,16692.727272727272
Acura,ILXPremium,24611.380952380954
Acura,ILXTechnology,26896.954545454544
Acura,IntegraGS,3746.5
Acura,IntegraLS,3879.6666666666665
Acura,IntegraRS,3997.0
Acura,MDX3.5L,48019.0
Acura,MDX4WD,10867.395147313691
Acura,MDXACURA,11975.0
Acura,MDXAWD,26904.574617346938
Acura,MDXAdvance,38900.0
Acura,MDXBase,22256.70588235294
Acura,MDXFWD,34391.130168453295
Acura,MDXSH-AWD,41585.4958283671
Acura,MDXSport,54515.0
Acura,MDXwith,24451.117647058825
Acura,NSXCoupe,175328.6
Acura,NSXManual,86995.0
Acura,RDX*1-OWNER*LTHR*ROOF*BACK-UP*TECH,11995.0
Acura,RDX4WD,10411.587837837838
Acura,RDXAWD,26934.15265700483
Acura,RDXBase,19600.875
Acura,RDXFWD,26525.088524590163
Acura,RDXwith,20128.30769230769
Acura,RL4dr,12709.302631578947
Acura,RLAutomatic,7495.59349593496
Acura,RLXAutomatic,30482.041666666668
Acura,RLXBase,24854.947368421053
Acura,RLXHybrid,40087.875
Acura,RLXwith,28490.3908045977
Acura,RSXAutomatic,6397.363636363636
Acura,RSXManual,7191.8
Acura,RSXType-S,8741.641025641025
Acura,SLX4WD,5995.0
Acura,TL2WD,17712.00699300699
Acura,TL3.2,6245.0
Acura,TL4dr,11664.42857142857
Acura,TLAutomatic,6859.20955882353
Acura,TLBase,17796.57627118644
Acura,TLManual,8015.727272727273
Acura,TLSH-AWD,19302.618181818183
Acura,TLSpecial,19391.35714285714
Acura,TLType-S,4839.392857142857
Acura,TLXFWD,25802.03599374022
Acura,TLXSH-AWD,30905.821782178216
Acura,TLwith,17755.925
Acura,TSX,17282.685185185186
Acura,TSX4dr,11352.45581395349
Acura,TSX5-Speed,17910.729559748426
Acura,TSXAutomatic,11397.42
Acura,TSXManual,7418.863636363636
Acura,TSXPremium,18488.0
Acura,TSXSpecial,18506.054545454546
Acura,TSXV6,14492.5
Acura,ZDXAWD,20291.133333333335
Acura,ZDXBase,25895.0
Alfa,Romeo,54228.704545454544
Aston,Martin,99573.61744966442
Audi,A3,32422.941176470587
Audi,A32.0T,18383.954545454544
Audi,A34dr,11291.293333333333
Audi,A3Cabriolet,28382.74418604651
Audi,A3Sedan,22584.319284802044
Audi,A42.0T,22634.127377998346
Audi,A42004,6282.944444444444
Audi,A42004.5,5762.5
Audi,A42005,6729.823529411765
Audi,A42005.5,7591.444444444444
Audi,A42007,8425.0
Audi,A42007.5,7866.09756097561
Audi,A42dr,9857.042253521127
Audi,A44dr,12061.770218228497
Audi,A45dr,8895.82142857143
Audi,A4AWD,17939.0
Audi,A4Premium,36439.73235294117
Audi,A4Prestige,45507.86666666667
Audi,A4Season,39295.846153846156
Audi,A4ultra,32903.075
Audi,A5,45102.16
Audi,A52.0T,27660.812280701753
Audi,A52dr,16668.60975609756
Audi,A62.0T,31050.078055964656
Audi,A62016,38494.0
Audi,A63.0T,36196.11809045226
Audi,A63.0TDI,33204.142857142855
Audi,A64dr,13300.688481675392
Audi,A6CERTIFIED,39471.0
Audi,A6Premium,54110.0
Audi,A73.0T,41396.410852713176
Audi,A73.0TDI,48452.0
Audi,A74dr,29921.08547008547
Audi,A7Competition,69594.6
Audi,A7Premium,64025.75
Audi,A7Prestige,66730.6
Audi,A8,37947.109489051094
Audi,A83.0T,35211.15094339623
Audi,A84.0T,41067.89473684211
Audi,A84.2L,34650.0
Audi,A84dr,19241.09677419355
Audi,Q3FrontTrak,29862.172043010753
Audi,Q3Premium,36323.857142857145
Audi,Q3quattro,31590.160256410258
Audi,Q52.0,38928.19245283019
Audi,Q52.0T,28030.998505231688
Audi,Q53.0,46296.26666666667
Audi,Q53.0T,31856.195652173912
Audi,Q53.0TDI,37505.02272727273
Audi,Q53.2L,23611.0
Audi,Q5Premium,47798.80952380953
Audi,Q5quattro,23539.721448467968
Audi,Q72.0T,53198.470588235294
Audi,Q73.0,64932.5
Audi,Q73.0T,40894.26462765958
Audi,Q73.0TDI,44154.62857142857
Audi,Q7quattro,17110.736
Audi,R8,169736.08333333334
Audi,R82dr,87623.70833333333
Audi,R84.2FSI,97723.4
Audi,R85.2,88888.0
Audi,R85.2FSI,121290.6
Audi,R8Auto,151481.66666666666
Audi,RS,64481.357894736844
Audi,RS42dr,30739.14285714286
Audi,RS44dr,26682.11111111111
Audi,RS64dr,20738.6
Audi,S3Premium,29530.078125
Audi,S3Prestige,35361.913043478264
Audi,S3quattro,37058.704545454544
Audi,S42005.5,10949.5
Audi,S42007,13371.894736842105
Audi,S42007.5,12633.666666666666
Audi,S42dr,11343.5
Audi,S44dr,19903.340909090908
Audi,S45dr,13454.333333333334
Audi,S4Premium,55561.0
Audi,S4Prestige,65991.0
Audi,S4Quattro,22999.0
Audi,S4quattro,34619.0775862069
Audi,S5,55839.3
Audi,S52dr,23783.45882352941
Audi,S5Cabriolet,38173.357142857145
Audi,S5Coupe,38418.898305084746
Audi,S64dr,18590.3125
Audi,S6Premium,58461.28571428572
Audi,S6Prestige,66920.625
Audi,S6quattro,42954.5
Audi,S7Premium,75735.5
Audi,S7Prestige,79260.0
Audi,S7quattro,56951.942307692305
Audi,S8,117784.16666666667
Audi,S84dr,21784.6875
Audi,S8Plus,99991.0
Audi,S8Sedan,86168.71428571429
Audi,S8quattro,59779.307692307695
Audi,SQ5Premium,48793.42424242424
Audi,SQ5Prestige,55057.857142857145
Audi,SQ5quattro,39537.92307692308
Audi,TT,43712.26315789474
Audi,TT180hp,5791.0
Audi,TT2dr,12917.839160839161
Audi,TT3.2L,19881.0
Audi,TTCoupe,32095.594594594593
Audi,TTRoadster,34853.36363636364
Audi,TTS2.0,50129.25
Audi,TTS2dr,24184.30769230769
Audi,TTSCoupe,30376.53846153846
Audi,TTSRoadster,25999.0
Audi,TTSS,44564.875
Audi,allroad2.0T,29553.065326633165
Audi,allroad5dr,5807.631578947368
Audi,allroadPremium,46460.0
Audi,allroadPrestige,52995.0
BMW,1,15618.729977116705
BMW,2,31187.034990791897
BMW,3,22529.947174557543
BMW,4,33922.11855241265
BMW,5,25974.066192969334
BMW,6,35200.535374868006
BMW,7,30848.788356164383
BMW,8,29990.0
BMW,M2Coupe,56797.8
BMW,M32dr,30235.73786407767
BMW,M34dr,29648.8
BMW,M3Convertible,37405.769230769234
BMW,M3Coupe,41891.541666666664
BMW,M3M3,34732.0
BMW,M3Sedan,50029.8
BMW,M4Convertible,51549.5
BMW,M4Coupe,49691.65909090909
BMW,M54dr,29400.0
BMW,M5Sedan,45164.017857142855
BMW,M62dr,29429.85714285714
BMW,M6Convertible,47259.333333333336
BMW,M6Coupe,50990.5
BMW,M6M6,46987.0
BMW,X1AWD,33008.71428571428
BMW,X1Sports,38859.35135135135
BMW,X1sDrive28i,24316.406451612904
BMW,X1xDrive,31110.727272727272
BMW,X1xDrive28i,28667.15852047556
BMW,X1xDrive35i,25582.385714285716
BMW,X3AWD,11968.091561938958
BMW,X3sDrive28i,37901.035264483624
BMW,X3xDrive28d,33825.204545454544
BMW,X3xDrive28i,30903.223529411764
BMW,X3xDrive35i,35590.44668587896
BMW,X4M40i,60542.666666666664
BMW,X4xDrive28i,38954.555555555555
BMW,X4xDrive35i,39607.7
BMW,X4xDriveM40i,52612.52380952381
BMW,X5,42090.05882352941
BMW,X535i,25985.0
BMW,X5AWD,15366.037704918033
BMW,X5sDrive35i,42080.60363636364
BMW,X5xDrive35d,39332.28015564202
BMW,X5xDrive35i,38348.265966046885
BMW,X5xDrive40e,57706.46153846154
BMW,X5xDrive50i,41199.08982035928
BMW,X6,40174.60526315789
BMW,X6AWD,24472.955223880595
BMW,X6sDrive35i,53982.94117647059
BMW,X6xDrive35i,39132.86574074074
BMW,X6xDrive50i,38131.77142857143
BMW,Z3Coupe,17962.333333333332
BMW,Z3Roadster,8890.92
BMW,Z3Z3,17463.2
BMW,Z42dr,18653.050420168067
BMW,Z4Coupe,13488.0
BMW,Z4Roadster,10400.985507246376
BMW,Z4Z4,23044.30769230769
BMW,Z4sDrive28i,32794.18681318681
BMW,Z4sDrive35i,37467.6724137931
BMW,Z4sDrive35is,41322.42307692308
BMW,i394,43826.8
BMW,i3Hatchback,20562.598484848484
Bentley,Arnage4dr,47519.4375
Bentley,Azure2dr,101644.75
Bentley,BentaygaW12,222620.66666666666
Bentley,Brooklands2dr,89995.0
Bentley,Continental,89652.71370967742
Bentley,Continental2dr,46893.3
Bentley,ContinentalGT,200211.75
Bentley,Flying,131884.72972972973
Bentley,Mulsanne4dr,114999.0
Bentley,MulsanneBase,129985.0
Bentley,MulsanneSedan,167036.66666666666
Bentley,MulsanneSpeed,230127.66666666666
Buick,CascadaConvertible,30891.4
Buick,CascadaPremium,28953.7012987013
Buick,CascadaSport,31677.0
Buick,Century4dr,3717.760563380282
Buick,CenturyCUSTOM,4995.0
Buick,CenturyCustom,2995.0
Buick,EnclaveAWD,13521.041009463723
Buick,EnclaveBase,15597.733333333334
Buick,EnclaveConvenience,25446.770700636942
Buick,EnclaveFWD,13096.4275
Buick,EnclaveLeather,28459.803599788247
Buick,EnclavePremium,29566.83647798742
Buick,Encore,21985.0
Buick,EncoreAWD,19338.171779141103
Buick,EncoreConvenience,17455.80650994575
Buick,EncoreEncore,13911.04347826087
Buick,EncoreFWD,18239.564593301435
Buick,EncoreLeather,18549.760910815938
Buick,EncorePremium,20022.667621776505
Buick,EncoreSport,22598.666666666668
Buick,EnvisionAWD,35958.041666666664
Buick,EnvisionFWD,32701.929292929293
Buick,EnvisionPremium,35752.07407407407
Buick,LaCrosse4dr,10056.860563380282
Buick,LaCrosseAWD,23641.891472868218
Buick,LaCrosseCXL,13995.0
Buick,LaCrosseFWD,20762.970347003156
Buick,LaCrosseLeather,18447.5
Buick,LaCrossePremium,33545.0
Buick,LeSabre4dr,5260.312796208531
Buick,LeSabreLimited,3995.0
Buick,Lucerne4dr,9421.891603053435
Buick,Park,4271.772727272727
Buick,Rainier4dr,5842.289473684211
Buick,RainierAWD,8795.42857142857
Buick,RainierRWD,7350.75
Buick,Regal,18496.0
Buick,Regal1FL,16132.0
Buick,Regal4DR,16295.0
Buick,Regal4dr,9967.285714285714
Buick,Regal97.5,2495.0
Buick,RegalBARGAIN,13950.0
Buick,RegalBase,12628.935483870968
Buick,RegalFWD,21444.0
Buick,RegalFleet,15909.5
Buick,RegalGS,21303.51111111111
Buick,RegalPremium,18292.837535014005
Buick,RegalRegal,12321.0
Buick,RegalSedan,17706.0
Buick,RegalSport,20197.036199095022
Buick,RegalTurbo,17040.318059299192
Buick,Rendezvous4dr,5512.835820895522
Buick,RendezvousCX,3919.0
Buick,RendezvousCXL,4014.1428571428573
Buick,RendezvousFWD,6939.84
Buick,Riviera2dr,5231.5
Buick,Skylark4dr,2988.0
Buick,Terraza4dr,5197.291666666667
Buick,Verano,14492.5
Buick,Verano1SD,15664.737142857142
Buick,Verano1SV,15189.0
Buick,Verano4dr,11456.285714285714
Buick,VeranoBase,13116.0
Buick,VeranoConvenience,14608.71875
Buick,VeranoFWD,12999.0
Buick,VeranoLeather,16376.216494845361
Buick,VeranoPremium,16016.857142857143
Buick,VeranoSedan,14995.0
Buick,VeranoSport,18235.19243986254
Buick,VeranoTurbo,17883.75
Buick,VeranoVerano,13155.101123595505
Cadillac,ATS,28474.653392330383
Cadillac,ATS-V,52835.97222222222
Cadillac,ATS2.0L,20651.284360189573
Cadillac,ATS2.5L,18263.91095890411
Cadillac,ATS3.6L,22497.24817518248
Cadillac,CT6,54178.88942307692
Cadillac,CTS,24818.420271416453
Cadillac,CTS-V,47422.21025641025
Cadillac,CTS-V4dr,32193.777777777777
Cadillac,CTS-VCTS-V,15950.333333333334
Cadillac,CTS4dr,9448.882998171846
Cadillac,Catera4dr,4995.0
Cadillac,Concours4dr,4500.0
Cadillac,DTS4dr,9581.303468208092
Cadillac,DeVille,3612.3333333333335
Cadillac,DeVille4d,7950.0
Cadillac,DeVille4dr,4852.477124183007
Cadillac,DeVilleBase,6995.0
Cadillac,DeVilleSedan,6700.0
Cadillac,ELRCoupe,31656.95
Cadillac,Eldorado2dr,6130.222222222223
Cadillac,Escalade,39968.289631533844
Cadillac,Escalade2WD,27753.133333333335
Cadillac,Escalade4WD,62972.7765451664
Cadillac,Escalade4dr,9054.301886792453
Cadillac,EscaladeAWD,23187.103092783505
Cadillac,EscaladeBase,33114.5
Cadillac,EscaladeLuxury,36737.857142857145
Cadillac,EscaladePlatinum,42815.7
Cadillac,EscaladePremium,39548.96511627907
Cadillac,EscaladeRWD,55445.43975903615
Cadillac,SRX3.6,21999.0
Cadillac,SRX4dr,8709.148514851486
Cadillac,SRXAWD,16344.66485013624
Cadillac,SRXBase,22864.389671361503
Cadillac,SRXFWD,16330.527204502814
Cadillac,SRXLeather,20475.0
Cadillac,SRXLuxury,27401.258083140878
Cadillac,SRXPerformance,28483.20900900901
Cadillac,SRXPremium,30149.14373088685
Cadillac,SRXRWD,9056.413793103447
Cadillac,SRXStandard,28034.25
Cadillac,STS-V4dr,14396.833333333334
Cadillac,STS-VSTS-V,14660.0
Cadillac,STS4dr,8957.160869565218
Cadillac,Seville4dr,4900.470588235294
Cadillac,XLR-V2dr,37917.25
Cadillac,XLR-VXLR-V,22999.0
Cadillac,XLR2dr,22216.0625
Cadillac,XT5FWD,43689.50617283951
Cadillac,XT5Luxury,41407.61261261261
Cadillac,XT5Platinum,53714.568181818184
Cadillac,XT5Premium,47703.670454545456
Cadillac,XT5Standard,37943.12765957447
Cadillac,XTS,24950.0
Cadillac,XTS3.6L,18467.875
Cadillac,XTSAWD,38667.24817518248
Cadillac,XTSBase,20015.08823529412
Cadillac,XTSFWD,30665.959558823528
Cadillac,XTSLuxury,25049.888636363637
Cadillac,XTSPlatinum,28263.898734177215
Cadillac,XTSPremium,25348.858208955226
Cadillac,XTSTurbo,46695.5
Cadillac,XTSVsport,32857.94117647059
Cadillac,d'Elegance4dr,4496.666666666667
Chevrolet,Astro,5584.5641025641025
Chevrolet,Avalanche1500,10287.222222222223
Chevrolet,Avalanche2500,10694.0
Chevrolet,Avalanche2WD,17851.453125
Chevrolet,Avalanche4WD,19181.060661764706
Chevrolet,AvalancheLS,25605.64
Chevrolet,AvalancheLT,27512.85714285714
Chevrolet,AvalancheLTZ,30383.74074074074
Chevrolet,Aveo1LT,6494.0
Chevrolet,Aveo4dr,5382.14705882353
Chevrolet,Aveo5dr,5394.861538461539
Chevrolet,AveoLT,6999.0
Chevrolet,Blazer2dr,4892.038461538462
Chevrolet,Blazer4dr,3640.85
Chevrolet,BlazerFleet,4990.0
Chevrolet,Bolt,36390.142857142855
Chevrolet,C,10492.5
Chevrolet,C/K,6921.893617021276
Chevrolet,Camaro,29888.0
Chevrolet,Camaro1LS,15123.5
Chevrolet,Camaro1LT,16994.333333333332
Chevrolet,Camaro2LS,17700.0
Chevrolet,Camaro2SS,24999.0
Chevrolet,Camaro2dr,17185.291896869247
Chevrolet,CamaroConvertible,26416.118902439026
Chevrolet,CamaroCoupe,23157.06441638753
Chevrolet,CamaroLS,15995.0
Chevrolet,CamaroLT,20775.0
Chevrolet,CamaroSS,28791.0
Chevrolet,Captiva,12378.868852459016
Chevrolet,Cavalier2dr,3457.6111111111113
Chevrolet,Cavalier4dr,3283.842105263158
Chevrolet,Chevy,6843.833333333333
Chevrolet,City,17782.560975609755
Chevrolet,Cobalt2dr,5447.856502242153
Chevrolet,Cobalt4dr,5496.359516616314
Chevrolet,CobaltSS,6992.0
Chevrolet,Colorado2WD,9790.758007117438
Chevrolet,Colorado4WD,12172.102362204725
Chevrolet,ColoradoCrew,29878.106153846154
Chevrolet,ColoradoExtended,23329.882165605097
Chevrolet,ColoradoRegular,11430.112676056338
Chevrolet,Corvette,47588.45238095238
Chevrolet,Corvette2dr,24850.787145818937
Chevrolet,Corvette427,53410.41176470588
Chevrolet,CorvetteConvertible,54279.35820895522
Chevrolet,CorvetteCoupe,53250.178506375225
Chevrolet,CorvetteGrand,67629.79166666667
Chevrolet,CorvetteStingray,52819.90740740741
Chevrolet,CorvetteZ06,51324.857142857145
Chevrolet,CorvetteZ51,51490.0
Chevrolet,CorvetteZR1,69104.0
Chevrolet,Cruze,13829.441656942823
Chevrolet,Cruze1FL,7995.0
Chevrolet,Cruze1LT,12156.323070771692
Chevrolet,Cruze2LT,12491.533424283765
Chevrolet,Cruze4d,10732.0
Chevrolet,Cruze4dr,8699.164285714285
Chevrolet,CruzeDiesel,14110.848101265823
Chevrolet,CruzeECO,11418.077669902912
Chevrolet,CruzeHatchback,18999.479166666668
Chevrolet,CruzeL,13898.421052631578
Chevrolet,CruzeLS,11297.860691144708
Chevrolet,CruzeLT,13536.683809523809
Chevrolet,CruzeLTZ,14495.703296703297
Chevrolet,CruzeLs,11095.0
Chevrolet,CruzePremier,17918.830769230768
Chevrolet,CruzeSedan,15022.64209472982
Chevrolet,Equinox,10745.5
Chevrolet,Equinox2WD,6545.756756756757
Chevrolet,Equinox4d,13990.0
Chevrolet,Equinox4dr,5744.587096774194
Chevrolet,EquinoxAWD,17791.768170066072
Chevrolet,EquinoxFWD,16486.63190874036
Chevrolet,EquinoxLS,7494.0
Chevrolet,EquinoxLT,11900.0
Chevrolet,EquinoxLTZ,19895.0
Chevrolet,Express,20094.785090664875
Chevrolet,HHR2WD,6014.771428571428
Chevrolet,HHR4dr,5368.285714285715
Chevrolet,HHRFWD,6867.341772151899
Chevrolet,Impala,10036.307692307691
Chevrolet,Impala1LS,13999.0
Chevrolet,Impala1LT,16831.213333333333
Chevrolet,Impala1LTZ,13545.897260273972
Chevrolet,Impala2,8588.0
Chevrolet,Impala2LT,18478.561128526646
Chevrolet,Impala2LTZ,22322.491315136478
Chevrolet,Impala3LT,24920.5
Chevrolet,Impala4,10995.0
Chevrolet,Impala4d,11964.75
Chevrolet,Impala4dr,7153.627420604183
Chevrolet,ImpalaFirst,11995.0
Chevrolet,ImpalaImpala,17250.0
Chevrolet,ImpalaLS,13695.204152249134
Chevrolet,ImpalaLT,15582.294608959757
Chevrolet,ImpalaLT2,8500.0
Chevrolet,ImpalaLTZ,17696.161572052402
Chevrolet,ImpalaLimited,12390.1
Chevrolet,ImpalaPolice,6852.277777777777
Chevrolet,ImpalaPremier,26363.22192513369
Chevrolet,ImpalaSEDAN,8400.0
Chevrolet,ImpalaSedan,13753.666666666666
Chevrolet,ImpalaUnmarked,5863.0
Chevrolet,Lumina4dr,2512.3333333333335
Chevrolet,Malibu,14740.264976958526
Chevrolet,Malibu1FL,10825.5
Chevrolet,Malibu1LT,14093.068735083532
Chevrolet,Malibu1LTZ,14775.98502994012
Chevrolet,Malibu1LZ,10396.939393939394
Chevrolet,Malibu2LT,13368.17965653897
Chevrolet,Malibu2LTZ,18155.187969924813
Chevrolet,Malibu2LZ,10431.75
Chevrolet,Malibu3LT,15619.67924528302
Chevrolet,Malibu4DR,12495.0
Chevrolet,Malibu4d,11693.666666666666
Chevrolet,Malibu4dr,7768.026315789473
Chevrolet,MalibuBase,3541.6666666666665
Chevrolet,MalibuClassic,3495.0
Chevrolet,MalibuECO,12131.015267175573
Chevrolet,MalibuFleet,8521.5
Chevrolet,MalibuFleet*1-Owner*Clean,7999.0
Chevrolet,MalibuHybrid,23317.090909090908
Chevrolet,MalibuL,18360.9375
Chevrolet,MalibuLS,13807.1881663113
Chevrolet,MalibuLT,17840.145293466223
Chevrolet,MalibuLTZ,13313.125
Chevrolet,MalibuPremier,25597.128440366974
Chevrolet,MalibuSEDAN,10995.0
Chevrolet,MalibuSedan,14308.666666666666
Chevrolet,Monte,6330.225806451613
Chevrolet,New,4993.125
Chevrolet,P,3988.0
Chevrolet,Prizm4dr,2452.2
Chevrolet,S-102WD,4925.691176470588
Chevrolet,S-104WD,6331.584905660377
Chevrolet,SSRRegular,23940.396039603962
Chevrolet,SSSedan,38129.242424242424
Chevrolet,Silverado,29466.45210973849
Chevrolet,SonicHatch,11171.770408163266
Chevrolet,SonicHatchback,9531.27868852459
Chevrolet,SonicLT,8644.0
Chevrolet,SonicSedan,10668.373
Chevrolet,Spark,10346.5625
Chevrolet,Spark1LT,9729.98992443325
Chevrolet,Spark2LT,9978.54347826087
Chevrolet,Spark4DR,8720.0
Chevrolet,SparkLS,9338.41782729805
Chevrolet,Suburban,19000.0
Chevrolet,Suburban1500,4194.653846153846
Chevrolet,Suburban2500,8577.8
Chevrolet,Suburban2WD,37530.57415078708
Chevrolet,Suburban3/4,30247.5
Chevrolet,Suburban4WD,37734.619184376796
Chevrolet,Suburban4dr,7433.643137254902
Chevrolet,SuburbanFleet,15900.0
Chevrolet,SuburbanLS,26243.4
Chevrolet,SuburbanLT,25331.21978021978
Chevrolet,SuburbanLTZ,31770.035714285714
Chevrolet,Tahoe,16120.296296296296
Chevrolet,Tahoe1500,4705.0
Chevrolet,Tahoe2WD,32212.781947261665
Chevrolet,Tahoe2dr,10828.333333333334
Chevrolet,Tahoe4WD,34588.797685554666
Chevrolet,Tahoe4dr,8375.351111111111
Chevrolet,TahoeCommercial,24753.14285714286
Chevrolet,TahoeHeated,11890.0
Chevrolet,TahoeLS,30506.552083333332
Chevrolet,TahoeLT,41941.448573898015
Chevrolet,TahoeLTZ,33517.84978540773
Chevrolet,TahoePolice,12163.6875
Chevrolet,TahoePremier,55232.98529411765
Chevrolet,TahoeSpecial,14122.5
Chevrolet,Tracker2dr,4008.6666666666665
Chevrolet,Tracker4dr,4746.458333333333
Chevrolet,TrailBlazer2WD,9350.25
Chevrolet,TrailBlazer4WD,9422.895
Chevrolet,TrailBlazer4dr,6145.5607675906185
Chevrolet,TrailBlazerLS,4500.0
Chevrolet,Traverse1LT,22115.358525345622
Chevrolet,Traverse2LT,23285.294491525423
Chevrolet,TraverseAWD,22869.067609096495
Chevrolet,TraverseFWD,21447.031909901456
Chevrolet,TraverseLS,18968.890590809628
Chevrolet,TraverseLTZ,26839.03501094092
Chevrolet,Trax,17000.0
Chevrolet,Trax1LT,22523.0
Chevrolet,TraxAWD,18167.989150090416
Chevrolet,TraxFWD,16343.948051948051
Chevrolet,Uplander,3995.0
Chevrolet,Uplander4dr,5480.084507042254
Chevrolet,Venture,3994.0
Chevrolet,Venture4dr,3759.4166666666665
Chevrolet,VentureExt,3411.590909090909
Chevrolet,VentureReg,5747.0
Chevrolet,Volt5dr,11828.720930232557
Chevrolet,VoltBase,13309.89705882353
Chevrolet,VoltLT,25796.166666666668
Chevrolet,VoltPlug-In,16481.592281879195
Chevrolet,VoltPremier,29185.1
Chrysler,200,11000.0
Chrysler,2002dr,10860.36
Chrysler,2004dr,9465.974271012006
Chrysler,200C,16736.122891566265
Chrysler,200Convertible,15531.314285714287
Chrysler,200LX,14973.767441860466
Chrysler,200Limited,13697.03349108118
Chrysler,200S,15965.03280839895
Chrysler,200Sedan,11106.837994214078
Chrysler,200Touring,16983.636363636364
Chrysler,300300,16625.856097560976
Chrysler,300300C,22079.19819004525
Chrysler,300300S,23182.684073107048
Chrysler,3004dr,11345.823029366305
Chrysler,300Anniversary,24999.0
Chrysler,300C,18990.0
Chrysler,300John,22640.17391304348
Chrysler,300Limited,20957.934108527134
Chrysler,300Luxury,19976.0
Chrysler,300M4dr,4083.103448275862
Chrysler,300Motown,16431.666666666668
Chrysler,300SRT8,31493.529411764706
Chrysler,300Uptown,18353.833333333332
Chrysler,Aspen2WD,8652.65
Chrysler,Aspen4WD,11479.411764705883
Chrysler,AspenAWD,11998.357142857143
Chrysler,AspenRWD,10926.923076923076
Chrysler,Cirrus4dr,2742.25
Chrysler,Concorde4dr,3514.5
Chrysler,Crossfire2dr,8960.046511627907
Chrysler,LHS4dr,3579.6666666666665
Chrysler,PT,4463.717557251908
Chrysler,Pacifica2004,4707.384615384615
Chrysler,Pacifica4dr,5646.614864864865
Chrysler,PacificaHybrid,45988.0
Chrysler,PacificaLX,24690.595238095237
Chrysler,PacificaLimited,37887.72932330827
Chrysler,PacificaTouring,26761.727272727272
Chrysler,PacificaTouring-L,27346.321303841676
Chrysler,Prowler2dr,23742.5
Chrysler,Sebring,4532.196078431372
Chrysler,Sebring2004,3815.222222222222
Chrysler,Sebring2004.5,4908.166666666667
Chrysler,Sebring2dr,6194.860465116279
Chrysler,Sebring4dr,6593.083333333333
Chrysler,SebringTouring,3995.0
Chrysler,Town,16623.017286289367
Chrysler,Voyager4dr,3289.5
Dodge,Avenger2dr,3664.0
Dodge,Avenger4dr,8641.578833693304
Dodge,AvengerR/T,13374.444444444445
Dodge,AvengerSE,10830.125806451613
Dodge,AvengerSXT,10860.952380952382
Dodge,Caliber,7450.0
Dodge,Caliber4dr,6879.525745257452
Dodge,CaliberExpress,5687.5
Dodge,CaliberHB,8885.0
Dodge,CaliberSXT,6734.53488372093
Dodge,Caravan,4495.0
Dodge,Caravan3,2797.0
Dodge,Caravan4,3206.125
Dodge,Caravan4dr,4833.818181818182
Dodge,CaravanES,3821.0
Dodge,CaravanEX,5180.0
Dodge,CaravanSE,3781.8125
Dodge,CaravanSXT,4589.540983606557
Dodge,CaravanSport,3621.862068965517
Dodge,Challenger,22338.0
Dodge,Challenger2dr,20690.811
Dodge,Challenger392,39403.1
Dodge,ChallengerGT,31759.625
Dodge,ChallengerR/T,28942.81990831696
Dodge,ChallengerRallye,17869.823529411766
Dodge,ChallengerSRT,50012.177121771216
Dodge,ChallengerSRT8,31464.09900990099
Dodge,ChallengerSXT,20319.75315048184
Dodge,ChallengerScat,35263.333333333336
Dodge,ChallengerShaker,28605.444444444445
Dodge,ChallengerT/A,39104.166666666664
Dodge,Charger,16054.5
Dodge,Charger4d,14162.0
Dodge,Charger4dr,13038.142988084326
Dodge,ChargerAWD,17995.0
Dodge,ChargerBase,8498.0
Dodge,ChargerDaytona,39077.36363636364
Dodge,ChargerFleet,7890.0
Dodge,ChargerPolice,17411.11111111111
Dodge,ChargerPursuit,25995.0
Dodge,ChargerR/T,29938.87665198238
Dodge,ChargerRT,24352.338589981446
Dodge,ChargerRoad/Track,24620.1125
Dodge,ChargerSCATPK,39977.0
Dodge,ChargerSE,17170.47027600849
Dodge,ChargerSRT,50375.56756756757
Dodge,ChargerSRT8,31327.878787878788
Dodge,ChargerSXT,20399.709677419356
Dodge,ChargerV6,17426.0
Dodge,Dakota2WD,8210.443262411347
Dodge,Dakota4WD,10520.447802197803
Dodge,DakotaBighorn/Lonestar,16891.0
Dodge,Dart,13525.0
Dodge,DartAero,11113.795454545454
Dodge,DartGT,14379.992727272727
Dodge,DartLimited,12745.209677419354
Dodge,DartRallye,10198.63768115942
Dodge,DartSE,11733.977077363897
Dodge,DartSXT,12515.267899478426
Dodge,DartSXT/Rallye,9700.0
Dodge,Durango2WD,24030.607087827426
Dodge,Durango4WD,9424.147540983606
Dodge,Durango4dr,5887.354961832061
Dodge,DurangoAWD,26923.422691879867
Dodge,DurangoCREW,24201.0
Dodge,DurangoCitadel,29137.27203065134
Dodge,DurangoCrew,21241.14606741573
Dodge,DurangoGT,33317.91847826087
Dodge,DurangoLimited,27108.225714285716
Dodge,DurangoPolice,20798.0
Dodge,DurangoR/T,30939.75
Dodge,DurangoSXT,21872.1875
Dodge,DurangoSpecial,24391.75
Dodge,Grand,16539.050621825187
Dodge,Intrepid4dr,3181.153846153846
Dodge,Journey,16500.0
Dodge,JourneyAWD,16618.415441176472
Dodge,JourneyAmerican,13970.878048780487
Dodge,JourneyCrew,14695.846153846154
Dodge,JourneyCrossroad,20587.470817120622
Dodge,JourneyFWD,14926.204758471522
Dodge,JourneyGT,25753.88888888889
Dodge,JourneyLimited,18612.616666666665
Dodge,JourneyR/T,18691.00790513834
Dodge,JourneySE,14813.976744186046
Dodge,JourneySXT,16935.60597637248
Dodge,Magnum4dr,7840.4049586776855
Dodge,Neon4dr,4399.75
Dodge,NeonSE,2568.25
Dodge,Neonsx,1995.0
Dodge,Nitro,10991.0
Dodge,Nitro2WD,9728.450331125829
Dodge,Nitro4WD,10382.3984375
Dodge,NitroR/T,10342.857142857143
Dodge,NitroSE,9783.1875
Dodge,NitroSLT/RT,11260.0
Dodge,NitroSPORT,9194.0
Dodge,NitroSXT,10423.923076923076
Dodge,Ram,17346.632080200503
Dodge,SRT,82394.75
Dodge,Sprinter,18481.875
Dodge,Sprinter2500,15534.0
Dodge,Sprinter3500,14378.90909090909
Dodge,Stratus,4348.777777777777
Dodge,Stratus2004,3366.0
Dodge,Stratus2004.5,3900.0
Dodge,Stratus2dr,2990.6666666666665
Dodge,Stratus4dr,3007.9
Dodge,StratusSE,2770.0
Dodge,Viper2dr,51108.02173913043
Dodge,ViperACR,157988.0
Dodge,ViperGTC,107194.0
Dodge,ViperGTS,88988.0
Dodge,ViperSRT,109995.0
FIAT,124,26226.647058823528
FIAT,500,18356.166666666668
FIAT,5001957,13282.714285714286
FIAT,500Abarth,13195.035211267606
FIAT,500Easy,12505.833333333334
FIAT,500Gucci,9634.727272727272
FIAT,500LEasy,11372.671875
FIAT,500LLounge,13642.811320754718
FIAT,500LPop,11108.608695652174
FIAT,500LTrekking,13215.696551724139
FIAT,500LUrbana,16016.2
FIAT,500Lounge,10850.430769230768
FIAT,500Pop,9150.212713936431
FIAT,500Ribelle,12660.857142857143
FIAT,500Sport,9590.128318584071
FIAT,500Turbo,10393.40909090909
FIAT,500XAWD,17258.982300884956
FIAT,500XFWD,15257.177419354839
FIAT,500XLounge,21209.666666666668
FIAT,500XPop,20810.0
FIAT,500XTrekking,20250.714285714286
FIAT,500cAbarth,16552.052631578947
FIAT,500cGQ,14391.5
FIAT,500cLounge,16502.444444444445
FIAT,500cPop,12819.470588235294
FIAT,500e,8012.666666666667
FIAT,500eBATTERY,8828.56875
Ferrari,3602dr,101549.77272727272
Ferrari,360Challenge,175950.0
Ferrari,4302dr,161134.9024390244
Ferrari,430Convertible,139725.4
Ferrari,430Coupe,128305.85714285714
Ferrari,430Spider,119295.0
Ferrari,458,225570.44594594595
Ferrari,488,345602.6388888889
Ferrari,575M,141558.77777777778
Ferrari,599,179539.84615384616
Ferrari,612,100260.33333333333
Ferrari,California,222107.42857142858
Ferrari,California2dr,113933.53333333334
Ferrari,CaliforniaConvertible,176547.28
Ferrari,F12berlinetta2dr,329150.0
Ferrari,F12berlinettaCoupe,294925.1904761905
Ferrari,FF2dr,156425.5
Ferrari,FFHatchback,184413.9
Ferrari,GTC4LussoCoupe,369554.25
Fisker,Karma4dr,46452.22222222222
Fisker,KarmaEcoSport,49888.0
Ford,C-Max,15773.091370558375
Ford,Club,5019.75
Ford,Contour4dr,2994.3333333333335
Ford,Crown,4722.850746268657
Ford,E-Series,36319.4
Ford,Econoline,16060.182217343578
Ford,Edge4dr,12598.445605408728
Ford,EdgeAWD,9153.054945054944
Ford,EdgeFWD,8849.286885245901
Ford,EdgeLTD,19917.0
Ford,EdgeLimited,20054.576457645766
Ford,EdgeSE,17049.749555950268
Ford,EdgeSEL,21718.79411764706
Ford,EdgeSport,27164.9667896679
Ford,EdgeTitanium,28449.25499092559
Ford,Escape2WD,6275.477272727273
Ford,Escape4WD,18038.82710713183
Ford,Escape4dr,5162.5058139534885
Ford,EscapeBase,5530.0
Ford,EscapeFWD,16420.325795053002
Ford,EscapeS,13397.340057636888
Ford,EscapeSE,15488.400330851944
Ford,EscapeSEL,14379.33849557522
Ford,EscapeSPORT,14194.0
Ford,EscapeTitanium,18521.213773314204
Ford,EscapeXLS,9996.0
Ford,Escort2dr,2965.5
Ford,Escort4dr,3090.846153846154
Ford,EscortFleet,2440.0
Ford,EscortSE,3995.0
Ford,"Excursion137""",15843.627027027027
Ford,Excursion2005,17575.0
Ford,Expedition,29321.68774319066
Ford,"Expedition119""",3896.894117647059
Ford,Expedition2WD,22811.172727272726
Ford,Expedition4.6L,6242.64
Ford,Expedition4WD,26265.80081300813
Ford,Expedition4dr,7449.202531645569
Ford,Expedition5.4L,6343.024242424242
Ford,ExpeditionEL,24990.0
Ford,ExpeditionEddie,7995.0
Ford,ExpeditionKing,32721.105263157893
Ford,ExpeditionLimited,33990.5
Ford,ExpeditionPlatinum,50931.5
Ford,ExpeditionXL,21371.0
Ford,ExpeditionXLT,30320.31178707224
Ford,Explorer,10512.23076923077
Ford,Explorer2WD,7704.809523809524
Ford,Explorer2dr,2901.714285714286
Ford,Explorer4WD,28468.130134200896
Ford,Explorer4dr,5707.781651376147
Ford,ExplorerAWD,12675.777777777777
Ford,ExplorerBase,19191.604914933836
Ford,ExplorerFWD,27679.83411580595
Ford,ExplorerLimited,25811.753598645217
Ford,ExplorerPolice,13738.0
Ford,ExplorerRWD,9349.836734693878
Ford,ExplorerSport,31285.85542168675
Ford,ExplorerXLT,24924.60902255639
Ford,F-150,8463.285714285714
Ford,F-150'07,7500.0
Ford,F-1502010,23995.0
Ford,F-1502WD,23269.04335147745
Ford,F-1504WD,29872.696621288003
Ford,F-150AWD,23896.8064516129
Ford,F-150FX4,25858.25
Ford,F-150King,52260.2
Ford,F-150Lariat,44900.99259259259
Ford,F-150Limited,42243.9
Ford,F-150Platinum,38957.75833333333
Ford,F-150Raptor,70099.67692307693
Ford,F-150Regular,16873.598684210527
Ford,F-150SVT,37740.0
Ford,F-150SuperCab,22490.33203125
Ford,F-150SuperCrew,28700.171943887777
Ford,F-150XL,33998.781818181815
Ford,F-150XLT,33691.518963922295
Ford,F-250,9371.8125
Ford,F-2502WD,4997.0
Ford,F-2504WD,7823.333333333333
Ford,F-350,13437.882352941177
Ford,F-3502WD,5730.0
Ford,Fiesta4dr,7333.115384615385
Ford,Fiesta5dr,7370.151515151515
Ford,FiestaHatchback,11342.16341212744
Ford,FiestaS,13173.57142857143
Ford,FiestaSE,13684.268292682927
Ford,FiestaST,20026.14285714286
Ford,FiestaSedan,10190.830889540566
Ford,FiestaTitanium,14995.0
Ford,Five,5269.0
Ford,Flex4dr,12460.952127659575
Ford,FlexLimited,26249.650103519667
Ford,FlexSE,18113.536082474227
Ford,FlexSEL,23169.850077279752
Ford,Focus,12236.693693693695
Ford,Focus2dr,5943.9
Ford,Focus3dr,4287.9324324324325
Ford,Focus4dr,6950.0808362369335
Ford,Focus5dr,8756.251219512194
Ford,FocusHatchback,13498.07452387524
Ford,FocusRS,37639.913043478264
Ford,FocusS,13904.941176470587
Ford,FocusSE,15531.563636363637
Ford,FocusSEL,16591.095238095237
Ford,FocusST,21576.846153846152
Ford,FocusSedan,11672.424601464885
Ford,FocusTitanium,18255.6
Ford,Freestar,4323.629032258064
Ford,Freestyle4dr,5111.957142857143
Ford,Fusion,18859.28853046595
Ford,Fusion4dr,9276.175010697476
Ford,FusionHybrid,17801.901766004416
Ford,FusionPlatinum,24903.75
Ford,FusionS,13287.027881040893
Ford,FusionSE,15203.832811521603
Ford,FusionSEL,9869.0
Ford,FusionSport,28815.869565217392
Ford,FusionTitanium,17849.02512562814
Ford,GT2dr,314206.8888888889
Ford,Mustang,20327.5
Ford,Mustang2dr,14708.794672586015
Ford,MustangCobra,59997.0
Ford,MustangConvertible,20494.988700564973
Ford,MustangCoupe,20976.141930835736
Ford,MustangEcoBoost,23724.256172839505
Ford,MustangFastback,25602.638487680542
Ford,MustangGT,32329.149450549452
Ford,MustangShelby,56880.444444444445
Ford,MustangV6,21163.073170731706
Ford,Ranger,7500.0
Ford,Ranger2WD,8905.698738170347
Ford,Ranger4WD,11293.725308641975
Ford,RangerEdge,5989.0
Ford,RangerXL,11368.0
Ford,Super,34955.821828240914
Ford,Taurus,7152.086956521739
Ford,Taurus4dr,8949.884658454648
Ford,TaurusLimited,18245.295608108107
Ford,TaurusPolice,10495.0
Ford,TaurusSE,13789.25925925926
Ford,TaurusSEL,16152.066838046272
Ford,TaurusSHO,25479.66283524904
Ford,Thunderbird2dr,15828.157360406092
Ford,Transit,21252.43230944255
Ford,Windstar,3840.9298245614036
Ford,ZX22dr,2980.0
Freightliner,Sprinter,28600.727272727272
GMC,Acadia,35496.12244897959
GMC,AcadiaAWD,25568.52816603134
GMC,AcadiaFWD,24240.471635150167
GMC,AcadiaSLE,28398.0
GMC,Canyon2WD,10531.591836734693
GMC,Canyon4WD,13400.278846153846
GMC,CanyonCrew,29919.564668769715
GMC,CanyonExtended,24204.17948717949
GMC,CanyonRegular,12042.5
GMC,CanyonSLE,13489.0
GMC,Classic,7594.0
GMC,Denali4dr,5596.8
GMC,Envoy,6570.485148514851
GMC,Envoy2WD,8576.897435897436
GMC,Envoy4WD,9173.547368421052
GMC,Envoy4dr,6567.025906735751
GMC,Jimmy2dr,2995.0
GMC,Jimmy4dr,4438.153846153846
GMC,New,6947.2
GMC,P,6499.0
GMC,Safari,4395.666666666667
GMC,Savana,21333.50469483568
GMC,Sierra,32197.644271948608
GMC,Sonoma2WD,5104.736842105263
GMC,Sonoma4WD,6307.136363636364
GMC,Suburban1500,3444.2727272727275
GMC,Suburban2500,2600.0
GMC,TerrainAWD,20605.724175824176
GMC,TerrainFWD,18536.22112
GMC,TerrainSLE-2,24117.5
GMC,TerrainSLT,17999.0
GMC,TerrainSLT-1,11995.0
GMC,Yukon,30870.71523178808
GMC,Yukon1500,3200.0
GMC,Yukon2WD,37212.16894197952
GMC,Yukon4WD,42118.73693693693
GMC,Yukon4dr,7295.902097902098
GMC,YukonAWD,31211.994366197185
GMC,YukonCOMMERCIAL,7988.0
GMC,YukonDenali,52998.0
GMC,YukonSLE,13745.0
GMC,YukonSLT1,17987.0
GMC,YukonXL,16750.0
Genesis,G803.8L,39939.05319148936
Genesis,G805.0L,44799.63157894737
Genesis,G903.3T,60089.10526315789
Genesis,G905.0L,60049.88888888889
Geo,Tracker2dr,5497.0
HUMMER,H14-Passenger,75458.71428571429
HUMMER,H24WD,30140.69421487603
HUMMER,H24dr,21205.932153392332
HUMMER,H3,16767.714285714286
HUMMER,H34WD,15026.834890965732
HUMMER,H34dr,12091.25
HUMMER,H3Alpha,16995.0
HUMMER,H3H3T,31999.0
Honda,Accord,15570.711419114605
Honda,CR-V,12977.0
Honda,CR-V2WD,10465.988184747583
Honda,CR-V4WD,10627.688864017908
Honda,CR-VAutomatic,3693.1
Honda,CR-VEX,18907.599647266314
Honda,CR-VEX-L,20311.897094854743
Honda,CR-VLX,17501.398705823794
Honda,CR-VONE,8797.0
Honda,CR-VSE,22325.196172248805
Honda,CR-VTouring,27751.866510538643
Honda,CR-Z3dr,8829.147540983606
Honda,CR-ZAutomatic,12740.8
Honda,CR-ZCVT,12100.733333333334
Honda,CR-ZEX,14626.57627118644
Honda,CR-ZEX-L,20974.5
Honda,CR-ZLX,16492.5
Honda,CR-ZManual,10638.125
Honda,Civic,13631.662556551051
Honda,CivicCX,3745.0
Honda,CivicContinuously,3962.8
Honda,CivicDX,3625.1428571428573
Honda,CivicEX,4503.622950819672
Honda,CivicGX,5225.333333333333
Honda,CivicHX,3995.0
Honda,CivicLX,4234.53164556962
Honda,CivicManual,5494.0
Honda,CivicSi,5602.153846153846
Honda,CivicVP,4657.925925925926
Honda,CrosstourEX,16031.0
Honda,CrosstourEX-L,18852.281045751635
Honda,Element2WD,8856.441860465116
Honda,Element4WD,9343.888268156425
Honda,Fit,6883.0
Honda,Fit5dr,7775.772079772079
Honda,FitAutomatic,10941.161290322581
Honda,FitEX,15601.833333333334
Honda,FitEX-L,16838.59677419355
Honda,FitLX,14164.462462462463
Honda,FitManual,9873.8
Honda,FitSport,12173.134453781513
Honda,HR-V2WD,19606.599056603773
Honda,HR-VAWD,21631.115789473683
Honda,HR-VEX,22776.2
Honda,HR-VEX-L,24716.379310344826
Honda,HR-VLX,20367.28205128205
Honda,Insight5dr,7601.857142857143
Honda,InsightBase,10061.625
Honda,InsightCVT,9021.5
Honda,InsightContinuously,4395.0
Honda,InsightEX,11038.666666666666
Honda,InsightLX,11375.8
Honda,InsightManual,4215.0
Honda,Odyssey2005,6999.0
Honda,Odyssey4dr,8575.952286282307
Honda,Odyssey5dr,13178.017391304347
Honda,OdysseyEX,16482.41855670103
Honda,OdysseyEX-L,24073.086935405536
Honda,OdysseyEX-RES,5161.461538461538
Honda,OdysseyElite,45633.13333333333
Honda,OdysseyLX,16955.487562189053
Honda,OdysseyMINI,8995.0
Honda,OdysseySE,28631.15306122449
Honda,OdysseyTouring,28253.90329218107
Honda,Passport2WD,2495.0
Honda,Passport4WD,4339.857142857143
Honda,Pilot,17900.0
Honda,Pilot2WD,21089.501590668082
Honda,Pilot4WD,22531.902614379083
Honda,PilotEX,17941.791666666668
Honda,PilotEX-L,25266.219493476594
Honda,PilotElite,45240.25
Honda,PilotLX,21657.56
Honda,PilotSE,27025.4793814433
Honda,PilotTouring,28756.805309734515
Honda,Prelude2dr,5562.555555555556
Honda,PreludeAutomatic,8617.0
Honda,Ridgeline4WD,15332.741935483871
Honda,RidgelineBlack,40363.36363636364
Honda,RidgelineRT,17448.409090909092
Honda,RidgelineRTL,22116.628415300547
Honda,RidgelineRTL-E,40022.944444444445
Honda,RidgelineRTL-T,34115.44736842105
Honda,RidgelineRTS,20678.41176470588
Honda,RidgelineSE,28193.862068965518
Honda,RidgelineSport,24155.74226804124
Honda,S20002dr,21285.914285714287
Honda,S2000Manual,16860.561983471074
Hyundai,Accent,3800.0
Hyundai,Accent3dr,4912.181034482759
Hyundai,Accent4dr,6642.478260869565
Hyundai,Accent5dr,8555.64705882353
Hyundai,AccentGLS,10098.645400593472
Hyundai,AccentGS,9995.652360515021
Hyundai,AccentSE,11184.805871212122
Hyundai,AccentSport,11952.193548387097
Hyundai,AccentValue,12836.0
Hyundai,Azera3.3L,29900.0
Hyundai,Azera4dr,9580.521212121212
Hyundai,AzeraLimited,22851.489583333332
Hyundai,AzeraSedan,17307.055555555555
Hyundai,Elantra,12507.969645868465
Hyundai,Elantra4DR,13506.0
Hyundai,Elantra4DSD,12225.0
Hyundai,Elantra4dr,10998.620489690722
Hyundai,Elantra5dr,3997.8333333333335
Hyundai,ElantraECO,15452.0
Hyundai,ElantraGLS,10655.678988326848
Hyundai,ElantraLimited,14550.420382165605
Hyundai,ElantraSE,12837.399088838269
Hyundai,ElantraSEL,16900.0
Hyundai,ElantraSport,14594.280575539568
Hyundai,ElantraValue,14882.90243902439
Hyundai,Entourage4dr,6434.206896551724
Hyundai,Equus4dr,18709.015873015873
Hyundai,EquusSignature,27089.024193548386
Hyundai,EquusUltimate,34042.795918367345
Hyundai,Genesis,17360.5875
Hyundai,Genesis3.8,17259.221183800622
Hyundai,Genesis3.8L,27563.154727793695
Hyundai,Genesis4dr,13573.984415584415
Hyundai,Genesis5.0,23188.660714285714
Hyundai,Genesis5.0L,31258.065789473683
Hyundai,GenesisV6,28127.673076923078
Hyundai,Ioniq,26469.272727272728
Hyundai,Santa,17929.97480620155
Hyundai,Sonata,16473.84030418251
Hyundai,Sonata1.6T,15269.315789473685
Hyundai,Sonata2.0T,19597.094736842104
Hyundai,Sonata2.4L,14936.267455621302
Hyundai,Sonata4dr,10173.097995545657
Hyundai,SonataBase,2599.0
Hyundai,SonataEco,19986.0
Hyundai,SonataGLS,11936.691176470587
Hyundai,SonataLimited,16183.794685990339
Hyundai,SonataSE,14448.742474916387
Hyundai,SonataSEL,23949.0
Hyundai,SonataSport,20130.082352941175
Hyundai,Tiburon2dr,5799.635135135135
Hyundai,Tucson4WD,6973.892857142857
Hyundai,Tucson4dr,5894.7037037037035
Hyundai,TucsonAWD,17195.506309148266
Hyundai,TucsonEco,22147.9375
Hyundai,TucsonFWD,15428.163153070578
Hyundai,TucsonGL,13027.611111111111
Hyundai,TucsonGLS,14282.603773584906
Hyundai,TucsonLimited,18327.70557029178
Hyundai,TucsonNight,27341.11111111111
Hyundai,TucsonSE,17832.39688715953
Hyundai,TucsonSport,24664.970588235294
Hyundai,TucsonWalking,19521.333333333332
Hyundai,Veloster1.6L,18995.0
Hyundai,Veloster3dr,10281.348936170212
Hyundai,VelosterAutomatic,14281.144620811287
Hyundai,VelosterDual,14585.157894736842
Hyundai,VelosterManual,14808.37321937322
Hyundai,VelosterRE:FLEX,13425.075471698114
Hyundai,VelosterRE:MIX,11928.47619047619
Hyundai,VelosterTurbo,13996.673015873015
Hyundai,VelosterValue,15014.8
Hyundai,VeracruzAWD,13417.919642857143
Hyundai,VeracruzFWD,11581.122340425532
Hyundai,XG3004dr,3947.5
Hyundai,XG3504dr,4212.083333333333
INFINITI,EX35AWD,14690.888
INFINITI,EX35RWD,14194.85294117647
INFINITI,EX37EX37,21101.30769230769
INFINITI,EX37Journey,21995.0
INFINITI,FX352,9997.0
INFINITI,FX354dr,11309.209302325582
INFINITI,FX35AWD,15210.694779116466
INFINITI,FX35Base,12331.125
INFINITI,FX35Limited,23241.333333333332
INFINITI,FX35RWD,15575.316666666668
INFINITI,FX35with,7304.0
INFINITI,FX37FX37,24762.983606557376
INFINITI,FX45AWD,10177.857142857143
INFINITI,FX50AWD,23209.428571428572
INFINITI,FX50FX50,30533.666666666668
INFINITI,G20Luxury,2825.0
INFINITI,G20Touring,3244.0
INFINITI,G25,13479.5
INFINITI,G35,8618.672992700729
INFINITI,G37,17241.37760158573
INFINITI,I30Automatic,2273.75
INFINITI,I30Limited,4589.0
INFINITI,I30Luxury,3753.8571428571427
INFINITI,I30Touring,3430.125
INFINITI,I35Luxury,4627.525
INFINITI,JX35JX35,23571.08396946565
INFINITI,M354dr,11220.135869565218
INFINITI,M35Base,9944.0
INFINITI,M35Sport,9105.26923076923
INFINITI,M35hM35h,18141.666666666668
INFINITI,M35x,9313.90625
INFINITI,M374dr,16022.718309859154
INFINITI,M37Base,18457.52380952381
INFINITI,M37M37,24177.262711864405
INFINITI,M37M37x,24406.108527131782
INFINITI,M37X,21900.0
INFINITI,M37x,18012.285714285714
INFINITI,M454dr,11147.09090909091
INFINITI,M45Base,8826.3
INFINITI,M45Sport,9997.5
INFINITI,M564dr,17792.8
INFINITI,M56M56,28080.75
INFINITI,M56M56x,29328.125
INFINITI,M56x,21991.25
INFINITI,Q40AWD,20933.385542168675
INFINITI,Q40RWD,20136.590361445782
INFINITI,Q45Base,6068.944444444444
INFINITI,Q45Premium,7860.0
INFINITI,Q45with,4250.0
INFINITI,Q50,32280.25
INFINITI,Q502.0t,31712.6
INFINITI,Q503.0t,33098.013636363634
INFINITI,Q504dr,20500.0
INFINITI,Q50AWD,26457.77396569122
INFINITI,Q50Hybrid,25056.440366972478
INFINITI,Q50RWD,25179.234151329245
INFINITI,Q50Red,46214.64
INFINITI,Q60,25009.83299389002
INFINITI,Q602.0t,37073.75
INFINITI,Q603.0t,43676.95652173913
INFINITI,Q703.7,39157.0
INFINITI,Q705.6,55990.0
INFINITI,Q70L3.7,46616.57142857143
INFINITI,Q70L5.6,53998.0
INFINITI,Q70LV6,37855.74747474748
INFINITI,Q70LV8,44003.45
INFINITI,Q70V6,33918.07100591716
INFINITI,Q70V8,40213.11111111111
INFINITI,Q70hHybrid,39991.5
INFINITI,QX30AWD,32829.6129032258
INFINITI,QX30Base,25971.0
INFINITI,QX30FWD,29430.84
INFINITI,QX30Luxury,29574.7
INFINITI,QX30Premium,31380.545454545456
INFINITI,QX30Sport,31260.285714285714
INFINITI,QX4Luxury,4409.24
INFINITI,QX4QX4,4892.833333333333
INFINITI,QX50AWD,29692.131313131315
INFINITI,QX50RWD,28598.139072847684
INFINITI,QX562WD,26062.936305732484
INFINITI,QX564WD,24519.858108108107
INFINITI,QX564dr,13101.551724137931
INFINITI,QX56AWD,15468.666666666666
INFINITI,QX56Base,30386.0
INFINITI,QX56RWD,15611.739130434782
INFINITI,QX60,43985.0
INFINITI,QX602WD,28942.221830985916
INFINITI,QX60AWD,32753.154510556622
INFINITI,QX60Base,27900.0
INFINITI,QX60FWD,36681.9877675841
INFINITI,QX60Hybrid,29873.75925925926
INFINITI,QX70AWD,36124.1582278481
INFINITI,QX70RWD,34474.43243243243
INFINITI,QX70V6,29719.97328244275
INFINITI,QX70V8,39898.0
INFINITI,QX802WD,44731.313008130084
INFINITI,QX804WD,50375.97435897436
INFINITI,QX80AWD,53119.0
INFINITI,QX80RWD,52331.243902439026
Isuzu,Ascender2WD,6280.333333333333
Isuzu,Ascender4dr,4317.5
Isuzu,Axiom4dr,4352.5
Isuzu,HombreReg,1500.0
Isuzu,HombreSpacecab,3999.0
Isuzu,Rodeo4dr,3999.970588235294
Isuzu,Trooper4dr,3256.8
Isuzu,VehiCROSS2dr,9196.6
Isuzu,i-2802dr,6926.5
Isuzu,i-2902WD,6723.75
Isuzu,i-3504dr,10000.0
Jaguar,F-PACE20d,52132.5
Jaguar,F-PACE25t,54431.5
Jaguar,F-PACE35t,50057.73333333333
Jaguar,F-PACEFirst,67561.0
Jaguar,F-PACES,62958.0625
Jaguar,F-TYPEConvertible,65182.60344827586
Jaguar,F-TYPECoupe,66228.4051724138
Jaguar,F-TYPEF-Type,47945.34745762712
Jaguar,F-TYPESVR,107888.0
Jaguar,S-TYPE4dr,6393.652173913043
Jaguar,X-TYPE4dr,6924.6164383561645
Jaguar,XE20d,42590.857142857145
Jaguar,XE25t,34195.41237113402
Jaguar,XE35t,43500.833333333336
Jaguar,XF,34997.0
Jaguar,XF2009,12999.0
Jaguar,XF20d,54076.26666666667
Jaguar,XF35t,47885.172932330825
Jaguar,XF4dr,18352.768844221104
Jaguar,XFI4,24519.973684210527
Jaguar,XFPortfolio,32733.36842105263
Jaguar,XFPremium,27124.34375
Jaguar,XFR,52288.666666666664
Jaguar,XFR-S,62988.0
Jaguar,XFR-Sport,54495.0
Jaguar,XFS,53640.38888888889
Jaguar,XFSport,34667.42105263158
Jaguar,XFSupercharged,45888.0
Jaguar,XFV6,29143.73033707865
Jaguar,XFV8,31496.5
Jaguar,XFXF,23927.35135135135
Jaguar,XFXFR,39451.75
Jaguar,XFXFR-S,55222.6
Jaguar,XJ,17894.0
Jaguar,XJ4dr,18479.12568306011
Jaguar,XJAWD,35553.1875
Jaguar,XJBase,33230.0
Jaguar,XJL,44935.718309859156
Jaguar,XJR,64423.153846153844
Jaguar,XJR-Sport,60028.85
Jaguar,XJRWD,34080.163265306124
Jaguar,XJSupercharged,49610.25
Jaguar,XJXJL,76168.25
Jaguar,XK,22632.4
Jaguar,XK2dr,25149.161616161615
Jaguar,XK82dr,11297.297872340425
Jaguar,XKConvertible,54997.5
Jaguar,XKCoupe,51964.833333333336
Jaguar,XKR,62294.25
Jaguar,XKR-S,82989.5
Jaguar,XKXK,42810.37037037037
Jaguar,XKXKR,48792.19047619047
Jaguar,XKXKR-S,54999.0
Jeep,Cherokee2dr,5594.0
Jeep,Cherokee4WD,22581.835761589406
Jeep,Cherokee4dr,5578.793103448276
Jeep,Cherokee75th,23293.3
Jeep,CherokeeAltitude,21334.4
Jeep,CherokeeFWD,18949.19230769231
Jeep,CherokeeHigh,20345.0
Jeep,CherokeeL,28912.0
Jeep,CherokeeLatitude,19109.354025814384
Jeep,CherokeeLimited,21622.155990957046
Jeep,CherokeeOverland,31710.6
Jeep,CherokeeSport,16929.67733990148
Jeep,CherokeeTrailhawk,24978.947368421053
Jeep,Commander2WD,8918.35
Jeep,Commander4WD,10444.64606741573
Jeep,Commander4dr,9102.768115942028
Jeep,CommanderRWD,10245.42857142857
Jeep,Compass,11695.0
Jeep,Compass2017.5,25965.3
Jeep,Compass2WD,5795.391304347826
Jeep,Compass4WD,10611.218461538461
Jeep,Compass75th,16933.333333333332
Jeep,CompassAltitude,14097.90909090909
Jeep,CompassFWD,9982.108571428571
Jeep,CompassHigh,16725.21052631579
Jeep,CompassLatitude,15888.622505985635
Jeep,CompassLatutide,13498.0
Jeep,CompassLimited,16779.65142857143
Jeep,CompassSport,15040.482965931864
Jeep,CompassTrailhawk,28402.0
Jeep,Grand,25224.806792106472
Jeep,Liberty2WD,7137.8421052631575
Jeep,Liberty4WD,12049.24
Jeep,Liberty4dr,6015.035230352303
Jeep,LibertyRWD,11253.382352941177
Jeep,LibertySport,12695.0
Jeep,Patriot,8995.0
Jeep,Patriot2WD,6252.25
Jeep,Patriot4WD,10206.271641791045
Jeep,Patriot4x4,11995.0
Jeep,Patriot75th,16744.59259259259
Jeep,PatriotAltitude,13313.76923076923
Jeep,PatriotFWD,9136.00796812749
Jeep,PatriotHigh,16790.408695652175
Jeep,PatriotLatitude,15904.686204431737
Jeep,PatriotLimited,15980.126213592233
Jeep,PatriotNorth,13975.0
Jeep,PatriotSPORT,10988.0
Jeep,PatriotSport,14696.049050632912
Jeep,Renegade4WD,12900.0
Jeep,Renegade75th,19552.0
Jeep,RenegadeAltitude,22291.5
Jeep,RenegadeDeserthawk,23945.333333333332
Jeep,RenegadeJustice,20413.878787878788
Jeep,RenegadeLatitude,18630.80085653105
Jeep,RenegadeLimited,20110.28770301624
Jeep,RenegadeSport,18321.136150234743
Jeep,RenegadeTrailhawk,22506.390119250427
Jeep,Wrangler,32004.336927899687
Jeep,Wrangler2WD,16527.30769230769
Jeep,Wrangler2dr,13491.698581560284
Jeep,Wrangler4WD,20003.246998284732
Jeep,Wrangler75th,32936.0
Jeep,WranglerAltitude,27947.0
Jeep,WranglerBackcountry,31051.333333333332
Jeep,WranglerBig,31986.0
Jeep,WranglerBlack,29495.0
Jeep,WranglerChief,35900.0
Jeep,WranglerFreedom,27942.121212121212
Jeep,WranglerHard,32738.5
Jeep,WranglerLWBU,16950.0
Jeep,WranglerMoab,31000.0
Jeep,WranglerPolar,29993.333333333332
Jeep,WranglerRWD,17022.59375
Jeep,WranglerRubicon,31806.063559322032
Jeep,WranglerSahara,29354.877419354838
Jeep,WranglerSport,25703.604838709678
Jeep,WranglerUnlimited,22000.0
Jeep,WranglerWillys,27424.617647058825
Jeep,WranglerX,28440.25
Kia,Amanti4dr,5125.086956521739
Kia,Borrego2WD,8944.171428571428
Kia,Borrego4WD,9613.111111111111
Kia,CadenzaLimited,20663.650406504064
Kia,CadenzaPremium,20244.29189189189
Kia,CadenzaSedan,23411.3
Kia,CadenzaTechnology,40115.0
Kia,Forte,12373.526946107784
Kia,Forte4dr,7956.609195402299
Kia,Forte5EX,18500.0
Kia,Forte5LX,15639.2
Kia,Forte5SX,21999.0
Kia,ForteAutomatic,13100.802893309223
Kia,ForteEX,11595.539440203562
Kia,ForteLX,13170.49338900487
Kia,ForteManual,12011.688679245282
Kia,ForteS,15659.858823529412
Kia,ForteSX,11944.5
Kia,K900Luxury,30741.24347826087
Kia,K900Premium,28554.884615384617
Kia,K900V6,34766.6
Kia,K900V8,40349.166666666664
Kia,NiroEX,25530.46153846154
Kia,NiroFE,22496.666666666668
Kia,NiroLX,24828.076923076922
Kia,NiroTouring,30748.6
Kia,Optima,15917.264705882353
Kia,Optima2006.5,5256.875
Kia,Optima4dr,9913.277699859747
Kia,OptimaEX,16026.144268774704
Kia,OptimaLX,14861.991063449508
Kia,OptimaLimited,20018.1
Kia,OptimaS,24265.5
Kia,OptimaSX,18167.542492917848
Kia,OptimaSXL,26345.79487179487
Kia,Rio,18902.333333333332
Kia,Rio4dr,5463.811594202899
Kia,Rio5-door,9997.948051948051
Kia,Rio5dr,7653.2692307692305
Kia,RioEX,14376.222222222223
Kia,RioLX,13225.863309352519
Kia,RioSedan,10452.211988304094
Kia,Rondo4dr,5752.523809523809
Kia,Sedona,8496.0
Kia,Sedona4dr,7918.710344827587
Kia,SedonaEX,22186.53846153846
Kia,SedonaL,19607.405405405407
Kia,SedonaLX,21007.624513618677
Kia,SedonaLimited,30254.21212121212
Kia,SedonaSX,25789.754385964912
Kia,SedonaSX-L,36000.0
Kia,Sephia4dr,2913.1
Kia,Sorento2WD,11133.839427662957
Kia,Sorento4WD,8365.941176470587
Kia,Sorento4dr,5627.1578947368425
Kia,SorentoAWD,12637.775956284153
Kia,SorentoEX,21806.961016949153
Kia,SorentoL,19290.353741496598
Kia,SorentoLX,18992.020967291028
Kia,SorentoLimited,26009.487719298246
Kia,SorentoSX,24304.137777777778
Kia,Soul,19636.605263157893
Kia,Soul!,19228.5
Kia,Soul#NAME?,18114.6
Kia,Soul+,15182.094098883572
Kia,Soul5dr,8805.944776119402
Kia,SoulAutomatic,13262.959936533121
Kia,SoulBase,18125.714285714286
Kia,SoulEV,16995.0
Kia,SoulExclaim,16396.0
Kia,SoulManual,11801.51384083045
Kia,Spectra4dr,4829.352459016393
Kia,Spectra5dr,5313.0
Kia,Sportage2WD,16632.17558139535
Kia,Sportage2dr,3339.0
Kia,Sportage4WD,7523.854545454546
Kia,Sportage4dr,5387.351851851852
Kia,SportageAWD,18017.25763125763
Kia,SportageBase,13464.07142857143
Kia,SportageEX,18711.14871794872
Kia,SportageFWD,16978.617529880477
Kia,SportageLX,15436.569970845481
Kia,SportageSX,19312.64393939394
Lamborghini,Aventador,296744.0
Lamborghini,Aventador2dr,304211.0
Lamborghini,AventadorConvertible,358557.8
Lamborghini,AventadorCoupe,352614.6666666667
Lamborghini,Gallardo,90640.33333333333
Lamborghini,Gallardo2dr,117090.3488372093
Lamborghini,GallardoConvertible,161774.6
Lamborghini,GallardoCoupe,167725.66666666666
Lamborghini,HuracanLP,226706.35714285713
Lamborghini,HuracanRWD,230462.75
Lamborghini,HuracanSpyder,281319.5
Lamborghini,Murcielago2dr,182466.57142857142
Lamborghini,Murcielago6.2L,119999.0
Land,Rover,40447.569091796875
Lexus,CT,19939.859452736317
Lexus,CTCT,30469.136363636364
Lexus,ES,21695.994803434252
Lexus,ESES,39113.53703703704
Lexus,GS,27384.75056179775
Lexus,GSGS,48717.84210526316
Lexus,GX,33362.04088952654
Lexus,GXGX,53200.45161290323
Lexus,GXGX460,56364.89473684211
Lexus,HS,12916.597014925374
Lexus,IS,23946.011057173677
Lexus,ISIS,38663.0
Lexus,LCLC,93854.09090909091
Lexus,LFA2dr,439493.5
Lexus,LS,26171.711946050098
Lexus,LSLS,72958.0
Lexus,LX,43457.76124567474
Lexus,LX4WD,88391.35714285714
Lexus,NX,34611.41039671683
Lexus,NXAWD,39139.8
Lexus,NXF,40381.75
Lexus,NXFWD,35778.48
Lexus,RC,40128.87780040733
Lexus,RCRC,42604.94117647059
Lexus,RX,26475.82729491271
Lexus,RXRX,47776.41463414634
Lexus,SC,16696.821989528795
Lincoln,Aviator2WD,5523.0
Lincoln,Aviator4dr,6070.190476190476
Lincoln,AviatorAWD,6356.727272727273
Lincoln,Blackwood2WD,13107.7
Lincoln,Continental4dr,3761.0
Lincoln,ContinentalBlack,64881.833333333336
Lincoln,ContinentalPremiere,38930.8
Lincoln,ContinentalReserve,54136.18965517241
Lincoln,ContinentalSelect,43422.0
Lincoln,LS4dr,5047.453125
Lincoln,MKC,26950.0
Lincoln,MKCAWD,28781.394366197183
Lincoln,MKCBlack,36775.0
Lincoln,MKCFWD,25997.8310626703
Lincoln,MKS,20981.0
Lincoln,MKS3.5L,23407.1484375
Lincoln,MKS3.7L,22182.374251497007
Lincoln,MKS4dr,13024.858657243816
Lincoln,MKT,26246.08695652174
Lincoln,MKT3.5L,28472.383928571428
Lincoln,MKT3.7L,26669.0
Lincoln,MKT4dr,15368.072463768116
Lincoln,MKTAWD,23063.166666666668
Lincoln,MKTAll,24595.0
Lincoln,MKTEcoBoost,21447.5
Lincoln,MKTLIVERY,29017.0
Lincoln,MKTLivery,23952.78947368421
Lincoln,MKTTOWN,10995.0
Lincoln,MKTTown,24383.0
Lincoln,MKX2WD,25561.43010752688
Lincoln,MKX4dr,17622.73846153846
Lincoln,MKXAWD,24922.161189358372
Lincoln,MKXFWD,21774.582236842107
Lincoln,MKXMKX,20963.987068965518
Lincoln,MKXPremiere,30638.0
Lincoln,MKXReserve,40471.042253521126
Lincoln,MKXSelect,37636.72727272727
Lincoln,MKZ,8850.0
Lincoln,MKZ4dr,12385.08735632184
Lincoln,MKZAWD,22739.072916666668
Lincoln,MKZBlack,27026.0
Lincoln,MKZFWD,20734.35576923077
Lincoln,MKZHybrid,22119.245398773008
Lincoln,MKZPremiere,26580.09375
Lincoln,MKZReserve,29385.38028169014
Lincoln,MKZSelect,29274.289855072464
Lincoln,Mark,15337.621212121212
Lincoln,Navigator,34870.291891891895
Lincoln,Navigator2WD,30391.70754716981
Lincoln,Navigator4WD,33437.01246105919
Lincoln,Navigator4dr,12696.242424242424
Lincoln,Town,7620.42996742671
Lincoln,Zephyr4dr,6333.357142857143
Lotus,Elise2dr,39109.86666666667
Lotus,Esprit2dr,64990.0
Lotus,Evora,94370.0
Lotus,Evora2dr,46453.625
Lotus,EvoraCoupe,59245.5
Lotus,Exige2dr,58614.166666666664
MINI,ClubmanCooper,29064.89440993789
MINI,ConvertibleCooper,29537.0
MINI,ConvertibleJohn,40183.6
MINI,Cooper,15535.811522224982
MINI,CountrymanCooper,34753.096774193546
MINI,Hardtop,26149.31111111111
Maserati,Coupe2dr,18746.333333333332
Maserati,GhibliGhibli,42044.54233409611
Maserati,GhibliS,64799.5
Maserati,GhibliSedan,54220.8024691358
Maserati,GranSport2dr,23752.0
Maserati,GranTurismo,74105.65753424658
Maserati,GranTurismo2dr,47140.927710843374
Maserati,GranTurismoMC,97130.0
Maserati,GranTurismoSport,74183.47826086957
Maserati,LevanteAWD,72318.46153846153
Maserati,LevanteS,82838.30769230769
Maserati,Quattroporte,21475.0
Maserati,Quattroporte4dr,29334.12987012987
Maserati,QuattroporteExecutive,21097.0
Maserati,QuattroporteGTS,57945.916666666664
Maserati,QuattroporteS,52557.346153846156
Maserati,QuattroporteSport,26977.666666666668
Maserati,Spyder2dr,23488.875
Maybach,574dr,71094.66666666667
Maybach,57S4dr,77249.5
Maybach,57s4dr,91988.0
Maybach,624dr,199888.0
Mazda,6264dr,3103.681818181818
Mazda,B-Series,7100.66
Mazda,CX-3AWD,21962.637096774193
Mazda,CX-3FWD,20882.683673469386
Mazda,CX-52016.5,25135.985436893203
Mazda,CX-5AWD,17590.0
Mazda,CX-5Grand,22268.696442089327
Mazda,CX-5Sport,16673.19756097561
Mazda,CX-5Touring,18751.307065217392
Mazda,CX-7AWD,8620.095238095239
Mazda,CX-7FWD,8945.586854460094
Mazda,CX-92WD,8156.727272727273
Mazda,CX-9AWD,18894.933687002653
Mazda,CX-9FWD,16753.289592760182
Mazda,CX-9Grand,24400.65671641791
Mazda,CX-9Signature,39775.6
Mazda,CX-9Sport,17288.986842105263
Mazda,CX-9Touring,20379.43816254417
Mazda,MAZDA34dr,6500.463276836158
Mazda,MAZDA35dr,7549.459016393443
Mazda,MAZDA54dr,6194.675
Mazda,MAZDA5Grand,8222.5
Mazda,MAZDA5SPORT,4933.0
Mazda,MAZDA5Sport,4097.5
Mazda,MAZDA5Touring,7449.5
Mazda,MAZDA64dr,6986.256
Mazda,MAZDA65dr,5127.0
Mazda,MPV4dr,4246.068181818182
Mazda,MX-5,29893.85714285714
Mazda,MX5,16074.570972886762
Mazda,Mazda24dr,7747.810344827586
Mazda,Mazda2Sport,9142.092105263158
Mazda,Mazda2Touring,8626.105263157895
Mazda,Mazda3,18974.5559566787
Mazda,Mazda34dr,8475.739811912226
Mazda,Mazda35dr,9883.831125827815
Mazda,Mazda3MAZDASPEED3,16801.852941176472
Mazda,Mazda3i,14101.947305389222
Mazda,Mazda3iSport,9495.0
Mazda,Mazda3s,18117.994910941477
Mazda,Mazda54dr,9388.850393700788
Mazda,Mazda55dr,5766.5
Mazda,Mazda5Grand,15253.111111111111
Mazda,Mazda5Sport,12603.281481481481
Mazda,Mazda5Touring,13597.783783783783
Mazda,Mazda64dr,8127.047222222222
Mazda,Mazda65dr,5043.206896551724
Mazda,Mazda6Grand,20375.588014981273
Mazda,Mazda6Sport,15175.856842105262
Mazda,Mazda6Touring,17616.249093107617
Mazda,Mazda6i,11492.57142857143
Mazda,Mazda6s,13668.555555555555
Mazda,Millenia4dr,4007.6666666666665
Mazda,Protege4dr,3407.1666666666665
Mazda,Protege55dr,4407.235294117647
Mazda,RX-84dr,7463.317073170731
Mazda,Tribute2.0L,5997.0
Mazda,Tribute2.3L,5272.136363636364
Mazda,Tribute3.0L,5028.6
Mazda,Tribute4WD,8060.0
Mazda,TributeFWD,8414.548387096775
McLaren,570GTCoupe,198543.11111111112
McLaren,570S2dr,192745.625
McLaren,570SCoupe,193101.125
McLaren,650SSpider,205584.125
McLaren,675LT2dr,407106.85714285716
McLaren,MP4-12C2dr,153833.14285714287
Mercedes-Benz,AMG,111717.5625
Mercedes-Benz,B-ClassB250e,33930.5
Mercedes-Benz,B-ClassElectric,23705.391304347828
Mercedes-Benz,C-Class,20988.0
Mercedes-Benz,C-Class2dr,17777.0
Mercedes-Benz,C-Class4dr,12974.348705501618
Mercedes-Benz,C-ClassAMG,62180.67346938775
Mercedes-Benz,C-ClassC,40373.741001564944
Mercedes-Benz,C-ClassC230,6058.95
Mercedes-Benz,C-ClassC240,6087.890625
Mercedes-Benz,C-ClassC250,19231.5088282504
Mercedes-Benz,C-ClassC280,6358.225806451613
Mercedes-Benz,C-ClassC300,28166.38507055075
Mercedes-Benz,C-ClassC32,7594.5
Mercedes-Benz,C-ClassC320,5933.117647058823
Mercedes-Benz,C-ClassC350,23247.834645669293
Mercedes-Benz,C-ClassC350e,42168.875
Mercedes-Benz,C-ClassC400,37198.26
Mercedes-Benz,C-ClassC450,46042.56756756757
Mercedes-Benz,C-ClassC55,8828.333333333334
Mercedes-Benz,C-ClassC63,46110.01298701299
Mercedes-Benz,CL-Class2dr,28014.085714285713
Mercedes-Benz,CL-ClassCL,12995.0
Mercedes-Benz,CL-ClassCL500,9766.37037037037
Mercedes-Benz,CL-ClassCL55,17072.625
Mercedes-Benz,CL-ClassCL550,39057.117647058825
Mercedes-Benz,CL-ClassCL600,13980.142857142857
Mercedes-Benz,CL-ClassCL63,57651.666666666664
Mercedes-Benz,CL-ClassCL65,23741.5
Mercedes-Benz,CLA-ClassCLA250,24831.979362101312
Mercedes-Benz,CLA-ClassCLA45,38653.77215189873
Mercedes-Benz,CLAAMG,57990.0
Mercedes-Benz,CLACLA,33828.00429184549
Mercedes-Benz,CLACLA250,27744.28205128205
Mercedes-Benz,CLACLA45,47885.5
Mercedes-Benz,CLK-Class2dr,13087.24369747899
Mercedes-Benz,CLK-ClassCLK320,7110.639344262295
Mercedes-Benz,CLK-ClassCLK350,8695.885714285714
Mercedes-Benz,CLK-ClassCLK430,7133.421052631579
Mercedes-Benz,CLK-ClassCLK500,9456.390243902439
Mercedes-Benz,CLK-ClassCLK55,11341.714285714286
Mercedes-Benz,CLS-Class4dr,17576.977777777778
Mercedes-Benz,CLS-ClassCLS400,46433.02222222222
Mercedes-Benz,CLS-ClassCLS500,12653.672413793103
Mercedes-Benz,CLS-ClassCLS55,19417.5
Mercedes-Benz,CLS-ClassCLS550,38505.99124726477
Mercedes-Benz,CLS-ClassCLS63,55360.5
Mercedes-Benz,CLSAMG,93747.33333333333
Mercedes-Benz,CLSCLS,71509.66666666667
Mercedes-Benz,CLSCLS400,60442.96153846154
Mercedes-Benz,CLSCLS550,64493.75
Mercedes-Benz,E-Class2dr,20831.12935323383
Mercedes-Benz,E-Class4dr,16125.151965065503
Mercedes-Benz,E-ClassAMG,72465.25
Mercedes-Benz,E-ClassE,52662.47923322683
Mercedes-Benz,E-ClassE250,35910.145454545454
Mercedes-Benz,E-ClassE300,26585.0
Mercedes-Benz,E-ClassE320,6413.042780748663
Mercedes-Benz,E-ClassE350,31284.68089196463
Mercedes-Benz,E-ClassE400,43312.83720930233
Mercedes-Benz,E-ClassE420,5991.0
Mercedes-Benz,E-ClassE430,4515.7692307692305
Mercedes-Benz,E-ClassE500,7091.761194029851
Mercedes-Benz,E-ClassE55,15063.4
Mercedes-Benz,E-ClassE550,37319.8
Mercedes-Benz,E-ClassE63,61814.40697674418
Mercedes-Benz,G-Class4MATIC,63117.51219512195
Mercedes-Benz,G-Class4WD,48575.40909090909
Mercedes-Benz,G-ClassAMG,139613.52173913043
Mercedes-Benz,G-ClassG,197748.83333333334
Mercedes-Benz,G-ClassG500,36063.705882352944
Mercedes-Benz,G-ClassG55,45244.166666666664
Mercedes-Benz,G-ClassG550,82276.22826086957
Mercedes-Benz,G-ClassG63,103122.57142857143
Mercedes-Benz,GL-Class4MATIC,21546.282115869017
Mercedes-Benz,GL-Class4WD,14753.616279069767
Mercedes-Benz,GL-ClassGL350,35910.279569892475
Mercedes-Benz,GL-ClassGL450,37894.766871165644
Mercedes-Benz,GL-ClassGL550,48042.75657894737
Mercedes-Benz,GL-ClassGL63,67887.125
Mercedes-Benz,GLA-ClassGLA,30991.0
Mercedes-Benz,GLA-ClassGLA250,28949.099697885198
Mercedes-Benz,GLA-ClassGLA45,40967.0
Mercedes-Benz,GLAAMG,47516.5
Mercedes-Benz,GLAGLA,33656.06024096385
Mercedes-Benz,GLAGLA250,30046.478632478633
Mercedes-Benz,GLAMG,96886.66666666667
Mercedes-Benz,GLCAMG,58496.0
Mercedes-Benz,GLCGLC,42276.884057971016
Mercedes-Benz,GLCGLC300,38878.14492753623
Mercedes-Benz,GLEAMG,83355.0
Mercedes-Benz,GLEGLE,55217.61306532663
Mercedes-Benz,GLEGLE300d,49349.5
Mercedes-Benz,GLEGLE350,46742.825112107625
Mercedes-Benz,GLEGLE400,52948.88888888889
Mercedes-Benz,GLEGLE450,66341.9387755102
Mercedes-Benz,GLEGLE63,89035.72727272728
Mercedes-Benz,GLGL350,58900.0
Mercedes-Benz,GLGL450,50486.153846153844
Mercedes-Benz,GLGL550,71481.76923076923
Mercedes-Benz,GLK-Class4MATIC,17022.54326923077
Mercedes-Benz,GLK-ClassGLK,24967.0
Mercedes-Benz,GLK-ClassGLK250,29122.178082191782
Mercedes-Benz,GLK-ClassGLK350,26678.232006125574
Mercedes-Benz,GLK-ClassRWD,16356.47899159664
Mercedes-Benz,GLSAMG,112681.6
Mercedes-Benz,GLSGLS,70797.14942528735
Mercedes-Benz,M-Class4MATIC,17207.438829787236
Mercedes-Benz,M-Class4WD,12612.2
Mercedes-Benz,M-ClassML,27873.428571428572
Mercedes-Benz,M-ClassML250,38848.96226415094
Mercedes-Benz,M-ClassML320,5198.65625
Mercedes-Benz,M-ClassML350,31509.995583596214
Mercedes-Benz,M-ClassML400,42745.0
Mercedes-Benz,M-ClassML430,5046.25
Mercedes-Benz,M-ClassML500,8621.28947368421
Mercedes-Benz,M-ClassML55,7241.5
Mercedes-Benz,M-ClassML550,37330.434782608696
Mercedes-Benz,M-ClassML63,54868.95121951219
Mercedes-Benz,M-ClassRWD,16371.781609195403
Mercedes-Benz,Metris,27646.248275862068
Mercedes-Benz,R-Class4MATIC,15797.176470588236
Mercedes-Benz,R-Class4WD,10416.09677419355
Mercedes-Benz,R-Class4dr,10988.967741935483
Mercedes-Benz,R-ClassR350,10634.411764705883
Mercedes-Benz,R-ClassR500,10564.714285714286
Mercedes-Benz,S-Class4dr,23118.8320610687
Mercedes-Benz,S-ClassAMG,151221.0
Mercedes-Benz,S-ClassMaybach,140770.6
Mercedes-Benz,S-ClassS,105810.54166666667
Mercedes-Benz,S-ClassS320,8669.0
Mercedes-Benz,S-ClassS350,21927.875
Mercedes-Benz,S-ClassS400,28991.0
Mercedes-Benz,S-ClassS420,8943.5
Mercedes-Benz,S-ClassS430,7550.039473684211
Mercedes-Benz,S-ClassS500,8446.710144927536
Mercedes-Benz,S-ClassS55,13875.642857142857
Mercedes-Benz,S-ClassS550,59246.88888888889
Mercedes-Benz,S-ClassS600,34717.083333333336
Mercedes-Benz,S-ClassS63,86329.88
Mercedes-Benz,S-ClassS65,92210.5
Mercedes-Benz,SL-Class2dr,33031.39102564102
Mercedes-Benz,SL-ClassSL320,9900.0
Mercedes-Benz,SL-ClassSL400,61430.444444444445
Mercedes-Benz,SL-ClassSL500,15487.678861788618
Mercedes-Benz,SL-ClassSL55,22086.536585365855
Mercedes-Benz,SL-ClassSL550,61970.39215686275
Mercedes-Benz,SL-ClassSL600,23292.2
Mercedes-Benz,SL-ClassSL63,75415.75675675676
Mercedes-Benz,SL-ClassSL65,52806.6
Mercedes-Benz,SLAMG,127263.0
Mercedes-Benz,SLCAMG,59709.6
Mercedes-Benz,SLCSLC,47005.1
Mercedes-Benz,SLK-Class2dr,17284.759493670885
Mercedes-Benz,SLK-ClassSLK230,10398.447368421053
Mercedes-Benz,SLK-ClassSLK250,31733.59880239521
Mercedes-Benz,SLK-ClassSLK280,12010.058823529413
Mercedes-Benz,SLK-ClassSLK32,10994.0
Mercedes-Benz,SLK-ClassSLK320,8275.272727272728
Mercedes-Benz,SLK-ClassSLK350,23435.182926829268
Mercedes-Benz,SLK-ClassSLK55,33391.625
Mercedes-Benz,SLKSLK300,34049.916666666664
Mercedes-Benz,SLKSLK350,46231.25
Mercedes-Benz,SLR,350199.0
Mercedes-Benz,SLS,169144.7
Mercedes-Benz,SLSL,98841.6
Mercedes-Benz,SLSL400,69492.0
Mercedes-Benz,SLSL550,82597.14285714286
Mercedes-Benz,Sprinter,40728.31534090909
Mercury,Cougar2dr,7997.0
Mercury,Cougar3dr,3240.3333333333335
Mercury,Grand,6364.18118466899
Mercury,Marauder4dr,15795.0
Mercury,Mariner4WD,8898.542056074766
Mercury,Mariner4dr,5581.742857142857
Mercury,MarinerFWD,8578.359649122807
Mercury,Milan4dr,7738.531073446327
Mercury,Montego4dr,5739.116279069767
Mercury,Monterey4dr,4396.285714285715
Mercury,Mountaineer2WD,7003.692307692308
Mercury,Mountaineer4dr,5521.177083333333
Mercury,MountaineerAWD,9538.209677419354
Mercury,MountaineerLuxury,6999.0
Mercury,MountaineerRWD,11209.25
Mercury,Sable4dr,4478.784090909091
Mercury,Tracer4dr,2494.0
Mercury,Villager,2955.5
Mercury,Villager4dr,2528.3333333333335
Mercury,Villager5dr,2683.8571428571427
Mitsubishi,3000GT2dr,10537.4
Mitsubishi,Diamante4dr,2324.285714285714
Mitsubishi,Eclipse2dr,7123.034090909091
Mitsubishi,Eclipse3dr,6456.441489361702
Mitsubishi,EclipseAuto,10030.081081081082
Mitsubishi,EclipseGS,7195.0
Mitsubishi,EclipseGT,5771.0
Mitsubishi,Endeavor2004.5,3500.0
Mitsubishi,Endeavor4dr,5127.657142857143
Mitsubishi,EndeavorAWD,8741.421052631578
Mitsubishi,EndeavorFWD,7670.5
Mitsubishi,EndeavorLS,9019.933333333332
Mitsubishi,EndeavorSE,9698.0
Mitsubishi,Galant,10995.0
Mitsubishi,Galant4dr,6430.527027027027
Mitsubishi,GalantES,6917.833333333333
Mitsubishi,GalantFE,8129.0
Mitsubishi,GalantFe,7995.0
Mitsubishi,Lancer,29088.885350318473
Mitsubishi,Lancer4dr,11854.762264150944
Mitsubishi,Lancer5dr,9259.666666666666
Mitsubishi,LancerCVT,9416.633333333333
Mitsubishi,LancerES,11734.747433264887
Mitsubishi,LancerEvolution,33995.0
Mitsubishi,LancerGT,14296.35
Mitsubishi,LancerLE,14497.5
Mitsubishi,LancerMan,9611.0
Mitsubishi,LancerRalliart,19132.85714285714
Mitsubishi,LancerSE,13723.96875
Mitsubishi,LancerSEL,18206.0
Mitsubishi,LancerTC-SST,14584.0
Mitsubishi,Mirage,10676.454545454546
Mitsubishi,Mirage2dr,3396.0
Mitsubishi,Mirage4dr,2502.75
Mitsubishi,MirageCVT,8947.0
Mitsubishi,MirageDE,8524.955974842767
Mitsubishi,MirageES,9698.055944055945
Mitsubishi,MirageGT,11366.0
Mitsubishi,MirageSE,11630.166666666666
Mitsubishi,Montero,4167.2
Mitsubishi,Montero4dr,5482.470588235294
Mitsubishi,Outlander,14671.501862197392
Mitsubishi,Outlander2WD,11144.882352941177
Mitsubishi,Outlander4WD,14597.37037037037
Mitsubishi,Outlander4dr,4950.608695652174
Mitsubishi,OutlanderAWD,7904.75
Mitsubishi,OutlanderES,18042.73417721519
Mitsubishi,OutlanderGT,21577.60606060606
Mitsubishi,OutlanderSE,16664.91769547325
Mitsubishi,OutlanderSEL,20376.652173913044
Mitsubishi,Raider2WD,8794.35
Mitsubishi,Raider4WD,9363.5
Mitsubishi,RaiderDouble,8787.181818181818
Mitsubishi,i-MiEV4dr,7386.25
Mitsubishi,i-MiEVES,9919.0
Nissan,200SX2dr,2947.0
Nissan,350Z2dr,11178.28895184136
Nissan,370Z2dr,18963.944915254237
Nissan,370ZCoupe,25791.640410958906
Nissan,370ZHeated/Cooled,17970.0
Nissan,370ZRoadster,29890.74074074074
Nissan,Altima2.5,15618.831059532247
Nissan,Altima2017.5,20102.333333333332
Nissan,Altima2dr,9306.076056338028
Nissan,Altima3.5,18844.56690647482
Nissan,Altima4dr,8496.995227765727
Nissan,AltimaCoupe,13092.525862068966
Nissan,AltimaSedan,12115.960242005185
Nissan,Armada2008,10900.0
Nissan,Armada2WD,28340.083521444696
Nissan,Armada4WD,31455.768166089965
Nissan,ArmadaLE,8736.869565217392
Nissan,ArmadaNISSAN,10695.0
Nissan,ArmadaPlatinum,30501.6821192053
Nissan,ArmadaSE,8934.2
Nissan,ArmadaSL,26852.19512195122
Nissan,ArmadaSV,24404.76785714286
Nissan,Frontier,7817.825688073394
Nissan,Frontier2WD,13104.975069252077
Nissan,Frontier4WD,16927.304843304843
Nissan,FrontierCrew,24049.870255957634
Nissan,FrontierKing,18086.623188405796
Nissan,FrontierS,14985.0
Nissan,FrontierSE,15000.0
Nissan,GT-R2dr,61178.264150943396
Nissan,GT-RBlack,72465.16666666667
Nissan,GT-RNISMO,101412.77777777778
Nissan,GT-RPremium,76639.3448275862
Nissan,GT-RTrack,76594.6
Nissan,JUKE5dr,11581.628428927681
Nissan,JUKEAWD,19981.555555555555
Nissan,JUKEFWD,18798.72340425532
Nissan,JUKENISMO,16962.039215686276
Nissan,JUKES,14774.419417475729
Nissan,JUKESL,16256.135135135135
Nissan,JUKESV,15361.300207039338
Nissan,LEAF4dr,8827.066666666668
Nissan,LEAFS,11370.502631578947
Nissan,LEAFSL,13503.6
Nissan,LEAFSV,12490.225806451614
Nissan,Maxima,4688.0
Nissan,Maxima3.5,17678.525111252384
Nissan,Maxima4dr,10391.622902270483
Nissan,MaximaPlatinum,30255.7
Nissan,MaximaS,22714.41504178273
Nissan,MaximaSL,27170.404624277457
Nissan,MaximaSR,26886.117924528302
Nissan,MaximaSV,24687.357664233576
Nissan,Murano,23347.119047619046
Nissan,Murano2017.5,29434.98181818182
Nissan,Murano2WD,18840.089407191448
Nissan,Murano4dr,6795.756944444444
Nissan,MuranoAWD,20688.590455531452
Nissan,MuranoFWD,26413.402857142857
Nissan,MuranoLE,18842.486486486487
Nissan,MuranoS,17032.543478260868
Nissan,MuranoSL,18813.621052631577
Nissan,MuranoSV,16170.222222222223
Nissan,NV,26832.042553191488
Nissan,NV1500,20445.066666666666
Nissan,NV200,19187.067567567567
Nissan,NV200S,15011.212765957447
Nissan,NV200SV,15592.31182795699
Nissan,NV2500,24595.9375
Nissan,NV3500,26724.714285714286
Nissan,NVHigh,16300.07142857143
Nissan,NVP3500,23907.416666666668
Nissan,NVPV6,27563.866666666665
Nissan,NVPV8,32675.85714285714
Nissan,NVStandard,16742.190476190477
Nissan,Pathfinder,7527.818181818182
Nissan,Pathfinder2WD,19624.329355608592
Nissan,Pathfinder4WD,21411.393979057593
Nissan,Pathfinder4dr,3907.875
Nissan,Pathfinder99.5,2995.0
Nissan,PathfinderHybrid,23598.214285714286
Nissan,PathfinderLE,6939.245901639344
Nissan,PathfinderPlatinum,27880.947478991595
Nissan,PathfinderS,20330.027687296417
Nissan,PathfinderSE,6904.91
Nissan,PathfinderSL,24628.155505107832
Nissan,PathfinderSV,22706.995183044317
Nissan,PathfinderXE,7342.363636363636
Nissan,Quest3dr,2338.0
Nissan,Quest4dr,9746.371841155235
Nissan,QuestLE,20277.58823529412
Nissan,QuestPlatinum,21795.36842105263
Nissan,QuestS,17837.812080536914
Nissan,QuestSL,21422.677419354837
Nissan,QuestSV,18687.867579908674
Nissan,Rogue,15136.678981937603
Nissan,Rogue2017.5,23643.843373493975
Nissan,Rogue4DR,18500.0
Nissan,RogueAWD,10497.623049219688
Nissan,RogueFWD,9885.0289532294
Nissan,RogueS,17684.246355140185
Nissan,RogueSL,21492.338264299804
Nissan,RogueSV,19243.067103620473
Nissan,Sentra,6894.0
Nissan,Sentra4dr,7188.715789473684
Nissan,SentraFE+,11932.215384615385
Nissan,SentraNISMO,20955.875
Nissan,SentraS,12905.548298068077
Nissan,SentraSL,15240.725217391304
Nissan,SentraSR,13441.12465116279
Nissan,SentraSV,12548.8965003723
Nissan,Titan,40463.71118012422
Nissan,Titan2WD,14097.206293706293
Nissan,Titan4WD,18191.302
Nissan,TitanCrew,30484.040100250626
Nissan,TitanKing,24389.693333333333
Nissan,TitanSE,10196.0
Nissan,TitanSingle,26793.416666666668
Nissan,Trucks,4034.2
Nissan,Versa,11459.817052980132
Nissan,Versa1.6,9652.591386554623
Nissan,Versa4dr,7234.20905923345
Nissan,Versa5dr,7089.084282460137
Nissan,VersaS,11224.601386481803
Nissan,VersaSL,12011.008196721312
Nissan,VersaSV,11409.299860529985
Nissan,Xterra2WD,11476.86301369863
Nissan,Xterra4WD,14643.36329588015
Nissan,Xterra4dr,6141.18487394958
Nissan,XterraPRO-4X,26985.821782178216
Nissan,XterraS,19940.64814814815
Nissan,XterraX,21180.910256410258
Nissan,cube5dr,8013.8
Nissan,cubeS,10399.6
Nissan,cubeSL,11925.333333333334
Oldsmobile,884dr,3524.5714285714284
Oldsmobile,Alero2dr,3437.4
Oldsmobile,Alero4dr,3309.722222222222
Oldsmobile,Aurora4dr,4452.5
Oldsmobile,Bravada4dr,3972.4210526315787
Oldsmobile,Cutlass,2000.0
Oldsmobile,Cutlass4dr,4416.5
Oldsmobile,Intrigue4dr,4342.222222222223
Oldsmobile,LSS4dr,3054.5
Oldsmobile,Regency4dr,2660.0
Oldsmobile,Silhouette4dr,3675.285714285714
Plymouth,Breeze4dr,3999.0
Plymouth,Neon4dr,2635.3333333333335
Plymouth,Prowler2dr,29512.529411764706
Plymouth,Voyager3,4157.0
Plymouth,Voyager4,3504.0
Pontiac,Aztek4dr,3804.0
Pontiac,Bonneville4dr,4167.170731707317
Pontiac,Firebird2000,13875.0
Pontiac,Firebird2dr,11618.608108108108
Pontiac,G35dr,5381.142857142857
Pontiac,G52dr,5402.078947368421
Pontiac,G5Base,5561.75
Pontiac,G62dr,7132.929133858268
Pontiac,G64dr,5995.784263959391
Pontiac,G84dr,14976.698113207547
Pontiac,GTO2dr,15970.25
Pontiac,Grand,4857.4051724137935
Pontiac,Montana,4267.75
Pontiac,Montana4dr,3721.0476190476193
Pontiac,Solstice2dr,11000.364864864865
Pontiac,Sunfire2dr,2898.764705882353
Pontiac,Sunfire4dr,3249.6
Pontiac,Torrent,4495.0
Pontiac,TorrentAWD,7291.419354838709
Pontiac,TorrentFWD,6696.878787878788
Pontiac,TorrentTorrent,6045.964285714285
Pontiac,Vibe4dr,6324.737704918033
Porsche,718,70107.225
Porsche,911,43726.68421052631
Porsche,9112dr,68405.92542372881
Porsche,911Cabriolet,116499.0234375
Porsche,911Carrera,79496.92753623189
Porsche,911Coupe,112628.8
Porsche,911GT3,143723.26923076922
Porsche,911Targa,123475.76923076923
Porsche,911Turbo,130311.73913043478
Porsche,Boxster2dr,16645.919230769232
Porsche,BoxsterBlack,52759.0
Porsche,BoxsterGTS,76658.66666666667
Porsche,BoxsterRWD,51743.5
Porsche,BoxsterRoadster,49630.167630057804
Porsche,BoxsterS,67787.0
Porsche,BoxsterSpyder,109431.6
Porsche,Cayenne4dr,12379.442307692309
Porsche,CayenneAWD,35908.16559139785
Porsche,CayenneDiesel,47188.53846153846
Porsche,CayenneGTS,66463.21
Porsche,CayenneManual,43132.10526315789
Porsche,CayennePlatinum,63871.04651162791
Porsche,CayenneS,57442.58219178082
Porsche,CayenneTiptronic,41539.72277227723
Porsche,CayenneTurbo,83042.88235294117
Porsche,Cayman2dr,27696.44318181818
Porsche,CaymanBlack,56054.25
Porsche,CaymanCoupe,53926.33064516129
Porsche,CaymanGT4,111414.2
Porsche,CaymanGTS,77096.4
Porsche,CaymanRWD,55977.857142857145
Porsche,CaymanS,65079.125
Porsche,MacanAWD,50755.375
Porsche,MacanGTS,75778.93103448275
Porsche,MacanS,51668.33668341709
Porsche,MacanTurbo,64378.57142857143
Porsche,Panamera4,58041.67058823529
Porsche,Panamera4S,73613.18644067796
Porsche,Panamera4dr,40849.922018348625
Porsche,PanameraEdition,73546.08333333333
Porsche,PanameraGTS,80501.55844155845
Porsche,PanameraPlatinum,43884.0
Porsche,PanameraRWD,56638.85507246377
Porsche,PanameraS,60043.1282051282
Porsche,PanameraTurbo,110304.91228070176
Porsche,Panamerabase,42704.15789473684
Ram,1500,24800.0
Ram,15002WD,18277.8756660746
Ram,15004WD,22765.38415988157
Ram,1500Big,29868.081395348836
Ram,1500Express,30667.255172413792
Ram,"1500Express,",25763.581795817958
Ram,1500HFE,27190.333333333332
Ram,"1500HFE,",18693.875
Ram,1500Laramie,35387.464579901156
Ram,"1500Laramie,",34214.69237749546
Ram,1500Limited,44247.75
Ram,1500Lone,29766.448621553885
Ram,1500Longhorn,43816.03846153846
Ram,"1500Longhorn,",39322.197628458496
Ram,1500NEW,9497.0
Ram,1500Night,40831.11111111111
Ram,"1500Outdoorsman,",28950.256696428572
Ram,"1500R/T,",25422.375
Ram,1500RAM,22991.0
Ram,1500Rebel,41921.31914893617
Ram,"1500Rebel,",39302.875
Ram,1500SLT,29296.012738853504
Ram,"1500SLT,",27265.92371020856
Ram,1500SSV,28988.0
Ram,"1500SSV,",26458.5
Ram,1500Sport,39559.98717948718
Ram,"1500Sport,",31493.917081260366
Ram,1500Tradesman,29075.53146853147
Ram,"1500Tradesman,",24374.279865771812
Ram,25002WD,31874.26582278481
Ram,25004WD,42470.48665530948
Ram,2500Big,38678.765957446805
Ram,2500Laramie,43319.186046511626
Ram,"2500Laramie,",45602.208333333336
Ram,2500Lone,35293.5
Ram,2500Longhorn,51149.07142857143
Ram,"2500Longhorn,",47462.204081632655
Ram,"2500Outdoorsman,",33325.0625
Ram,2500Power,42067.45161290323
Ram,2500SLT,38000.0
Ram,"2500SLT,",35845.3875
Ram,2500Tradesman,37361.63636363636
Ram,"2500Tradesman,",32682.92602739726
Ram,3500,43443.333333333336
Ram,35002WD,30686.60606060606
Ram,35004WD,37707.14117647059
Ram,3500Big,43132.666666666664
Ram,3500DIESEL!,40500.0
Ram,3500Laramie,54745.4375
Ram,"3500Laramie,",49047.91696750902
Ram,3500Last,28788.0
Ram,3500Lone,45385.416666666664
Ram,3500Longhorn,55549.1
Ram,"3500Longhorn,",51834.69607843137
Ram,3500SLT,47005.5974025974
Ram,"3500SLT,",40785.82882882883
Ram,3500Tradesman,45850.916666666664
Ram,"3500Tradesman,",37652.5643153527
Ram,4500,53827.0
Ram,45002WD,40362.11111111111
Ram,45004WD,41497.94736842105
Ram,5500,41450.0
Ram,55002WD,35881.46153846154
Ram,55004WD,41550.24324324324
Ram,Cargo,10249.736842105263
Ram,Dakota2WD,13486.108108108108
Ram,Dakota4WD,17284.30612244898
Ram,ProMaster,22321.99902534113
Ram,ProMaster3500,24957.714285714286
Rolls-Royce,Dawn2dr,318561.0
Rolls-Royce,DawnConvertible,339920.0
Rolls-Royce,Ghost4dr,131902.32
Rolls-Royce,GhostSedan,204487.0588235294
Rolls-Royce,Phantom,253841.27272727274
Rolls-Royce,Phantom4dr,143393.875
Rolls-Royce,PhantomSedan,294985.0
Rolls-Royce,WraithCoupe,227821.80952380953
Saab,3-Sep,4747.5
Saab,9-2X4dr,7139.916666666667
Saab,9-32.0T,5753.4
Saab,9-32dr,7409.321428571428
Saab,9-34dr,6088.021052631579
Saab,9-35dr,4865.076923076923
Saab,9-3Aero,8185.8
Saab,9-4XAWD,25999.0
Saab,9-52.3T,4995.0
Saab,9-52.3t,5996.0
Saab,9-54dr,6605.128205128205
Saab,9-5Base,5965.0
Saab,9-7X4dr,6559.75
Saab,9-7XAWD,6385.714285714285
Saturn,Astra3dr,5854.625
Saturn,Astra5dr,5843.75
Saturn,Aura4dr,6394.271428571428
Saturn,Ion4dr,4615.658536585366
Saturn,IonION,3937.841121495327
Saturn,L-SeriesL300,4518.2
Saturn,LSL-100,3143.0
Saturn,LSL-200,3296.3214285714284
Saturn,LSL-300,3656.777777777778
Saturn,LSLS1,3142.5
Saturn,LSLS2,4293.333333333333
Saturn,LWLW-200,3811.25
Saturn,LWLW-300,3615.0
Saturn,LWLW1,3999.0
Saturn,LWLW2,2950.0
Saturn,OutlookAWD,9039.738461538462
Saturn,OutlookFWD,8185.1612903225805
Saturn,Relay4dr,5210.545454545455
Saturn,SC,3508.6
Saturn,SLSL,2964.5
Saturn,SLSL1,3152.8823529411766
Saturn,SLSL2,3186.9333333333334
Saturn,SWSW1,2399.0
Saturn,SWSW2,3146.3333333333335
Saturn,Sky2dr,10975.777777777777
Saturn,VUE,9998.5
Saturn,VUE4dr,4629.638554216867
Saturn,VUEAWD,7516.25
Saturn,VUEFWD,6948.6466666666665
Saturn,VUEVUE,3556.6363636363635
Saturn,VueAWD,8950.0
Saturn,VueFWD,9143.0
Scion,FR-S2dr,17392.414285714287
Scion,FR-SAutomatic,17965.103305785124
Scion,FR-SManual,17424.4
Scion,iA4dr,13185.375
Scion,iAAutomatic,12887.989795918367
Scion,iAManual,13134.192307692309
Scion,iM5dr,15446.5
Scion,iMAutomatic,15094.976470588235
Scion,iMManual,15174.0
Scion,iQ10th,9133.0
Scion,iQ3dr,7702.78125
Scion,iQHatchback,9461.46875
Scion,iQbase,8994.2
Scion,tC,9800.0
Scion,tC2dr,10105.447300771208
Scion,tC3dr,5607.972972972973
Scion,tCAutomatic,14593.724565756824
Scion,tCManual,14084.987577639751
Scion,xA4dr,5217.26
Scion,xB5dr,8854.31289640592
Scion,xB686,16042.0
Scion,xBAutomatic,13219.945
Scion,xBBase,4799.0
Scion,xBManual,12944.939393939394
Scion,xD,7979.0
Scion,xD5dr,8152.827067669173
Scion,xDAutomatic,11163.311475409837
Scion,xDManual,11095.85
Subaru,B9,8308.835443037975
Subaru,BRZLimited,20905.330578512396
Subaru,BRZPremium,20322.191489361703
Subaru,BRZSeries.Blue,22559.8
Subaru,BRZSeries.HyperBlue,23961.666666666668
Subaru,BRZSeries.Yellow,27880.0
Subaru,Baja4dr,9940.439024390244
Subaru,Crosstrek,23105.444444444445
Subaru,Crosstrek2.0i,24582.762376237624
Subaru,CrosstrekLimited,23753.380597014926
Subaru,CrosstrekManual,21833.709677419356
Subaru,CrosstrekPremium,22265.928571428572
Subaru,Forester,21441.5
Subaru,Forester2.0XT,25257.475982532753
Subaru,Forester2.5X,14975.701587301588
Subaru,Forester2.5XT,17800.3
Subaru,Forester2.5i,21562.453540728613
Subaru,Forester4dr,10274.551299589602
Subaru,ForesterAWD,7496.5
Subaru,Impreza,16385.222179732315
Subaru,Impreza4-door,18825.916666666668
Subaru,Impreza5-door,19523.869565217392
Subaru,ImprezaLimited,26877.266666666666
Subaru,ImprezaPremium,21804.731343283584
Subaru,ImprezaSport,23823.204819277107
Subaru,Legacy,6781.0373831775705
Subaru,Legacy2.5i,18612.942295887045
Subaru,Legacy3.6R,22600.74585635359
Subaru,Legacy4dr,10507.068376068377
Subaru,Outback,9475.43661971831
Subaru,Outback2.5I,13999.0
Subaru,Outback2.5i,22819.609348345275
Subaru,Outback2014,18450.0
Subaru,Outback3.6R,26840.279069767443
Subaru,Outback4dr,12476.584541062803
Subaru,Tribeca3.6R,19048.27027027027
Subaru,Tribeca4dr,11350.42857142857
Subaru,WRX,32245.74480712166
Subaru,WRXCVT,26186.22807017544
Subaru,WRXLimited,32769.333333333336
Subaru,WRXManual,26011.387900355872
Subaru,WRXPremium,29639.0
Subaru,WRXSTI,34487.55
Subaru,XV,19121.997735849058
Suzuki,Aerio4dr,4139.857142857143
Suzuki,Equator2WD,11853.8
Suzuki,Equator4WD,16724.14285714286
Suzuki,Esteem4dr,3995.0
Suzuki,Forenza4dr,3539.153846153846
Suzuki,Grand,7486.036585365854
Suzuki,Kizashi4dr,8406.315789473685
Suzuki,KizashiCVT,9466.666666666666
Suzuki,Reno4dr,3772.5
Suzuki,SX44dr,6318.551724137931
Suzuki,SX45dr,7198.0
Suzuki,SX4Hatchback,10242.5
Suzuki,SX4Sedan,7527.8
Suzuki,Sidekick2dr,7999.0
Suzuki,Sidekick4dr,4747.5
Suzuki,Verona4dr,3661.6666666666665
Suzuki,Vitara2dr,1991.0
Suzuki,Vitara4dr,3062.5
Suzuki,XL-74dr,4666.772727272727
Suzuki,XL-7AWD,7039.222222222223
Suzuki,XL-7FWD,6149.111111111111
Tesla,Model,62778.13392857143
Tesla,Roadster,63888.0
Tesla,Roadster2dr,58782.333333333336
Toyota,4Runner,27992.0
Toyota,4Runner2WD,26897.974489795917
Toyota,4Runner4WD,30788.639552238805
Toyota,4Runner4dr,9442.118829981719
Toyota,4Runner4x2,29872.006600660065
Toyota,4Runner4x4,33188.78334749363
Toyota,4RunnerRWD,27026.776649746193
Toyota,4RunnerSR5,22450.0
Toyota,86Automatic,25124.63157894737
Toyota,86Manual,23551.8125
Toyota,86SE,28240.5
Toyota,Avalon,23290.772058823528
Toyota,Avalon4dr,10345.180291153416
Toyota,AvalonHybrid,37806.6
Toyota,AvalonLimited,24641.176744186047
Toyota,AvalonPremium,21248.878048780487
Toyota,AvalonTouring,22131.905405405407
Toyota,AvalonXLE,21339.49552572707
Toyota,C-HRXLE,23234.36
Toyota,Camry,12761.130471380471
Toyota,Camry2014.5,14739.952380952382
Toyota,Camry4dr,9199.926260964912
Toyota,CamryHybrid,24394.41379310345
Toyota,CamryL,15033.601078167116
Toyota,CamryLE,15719.152280437242
Toyota,CamrySE,16410.942590673574
Toyota,CamryXLE,18325.13216195569
Toyota,CamryXSE,21422.870925684485
Toyota,Celica2dr,8677.0
Toyota,Celica3dr,5788.3488372093025
Toyota,Corolla,16924.653846153848
Toyota,Corolla4dr,7925.7531588447655
Toyota,CorollaECO,14093.797101449276
Toyota,CorollaL,13914.472463768116
Toyota,CorollaLE,13817.923298178332
Toyota,CorollaS,15637.456943935507
Toyota,CorollaSE,17896.208333333332
Toyota,CorollaXLE,18251.35
Toyota,CorollaXRS,3990.0
Toyota,CorollaXSE,20975.666666666668
Toyota,Echo2dr,3921.25
Toyota,Echo4dr,3824.285714285714
Toyota,FJ,23993.591961023143
Toyota,Highlander,21262.578260869566
Toyota,Highlander2WD,9793.0
Toyota,Highlander4WD,16189.058208955224
Toyota,Highlander4X2,21872.881443298967
Toyota,Highlander4X4,23641.215753424658
Toyota,Highlander4dr,7965.823275862069
Toyota,Highlander4x2,20852.842105263157
Toyota,HighlanderAWD,32749.65943458251
Toyota,HighlanderFWD,26540.781675017897
Toyota,HighlanderHARD,15497.0
Toyota,HighlanderHybrid,39577.0
Toyota,HighlanderLE,32233.166666666668
Toyota,HighlanderLimited,40995.57894736842
Toyota,HighlanderSE,38076.73333333333
Toyota,HighlanderSport,10998.0
Toyota,HighlanderXLE,37509.896103896106
Toyota,Land,42191.867549668874
Toyota,MR2,8410.05
Toyota,Matrix5dr,7632.94
Toyota,MatrixL,11274.0
Toyota,MatrixS,11496.0
Toyota,MiraiSedan,40997.0
Toyota,Previa3dr,4999.0
Toyota,Prius,16156.042822677926
Toyota,Prius4dr,4331.538461538462
Toyota,Prius5dr,9469.686982693755
Toyota,PriusFive,18360.088541666668
Toyota,PriusFour,18256.603036876357
Toyota,PriusHATCACK,17966.0
Toyota,PriusIII,7082.0
Toyota,PriusOne,17416.25
Toyota,PriusPersona,15500.911764705883
Toyota,PriusThree,17033.834874504624
Toyota,PriusTwo,16513.79414455627
Toyota,RAV4,26527.939252336448
Toyota,RAV42WD,8974.881720430107
Toyota,RAV42dr,2988.0
Toyota,RAV44WD,12643.741289198606
Toyota,RAV44X2,19170.87147030185
Toyota,RAV44X4,20168.726495726496
Toyota,RAV44dr,7040.693602693603
Toyota,RAV4AWD,22472.50728862974
Toyota,RAV4FWD,17447.49226804124
Toyota,RAV4LE,22511.111801242238
Toyota,RAV4Limited,29472.445945945947
Toyota,RAV4Platinum,32029.130434782608
Toyota,RAV4SE,28187.260869565216
Toyota,RAV4Sport,11720.5
Toyota,"RAV4V6,Sport,JBL",8990.0
Toyota,RAV4XLE,24430.52537313433
Toyota,RAV4XLE/4WD/W/NAV/REAR,16995.0
Toyota,RAV4base,8790.0
Toyota,Sequoia2WD,11514.5
Toyota,Sequoia4WD,32660.40506329114
Toyota,Sequoia4X2,36935.30894308943
Toyota,Sequoia4X4,40457.27777777778
Toyota,Sequoia4dr,8519.665369649805
Toyota,SequoiaLimited,52515.8
Toyota,SequoiaPlatinum,60369.13333333333
Toyota,SequoiaRWD,21720.13953488372
Toyota,SequoiaSR5,41789.307692307695
Toyota,Sienna,27636.0
Toyota,Sienna5dr,11635.441379310345
Toyota,Sienna7-Pass,22950.0
Toyota,SiennaBase,16464.083333333332
Toyota,SiennaCE,11495.0
Toyota,SiennaL,27124.652777777777
Toyota,"SiennaL,",19504.5859375
Toyota,SiennaLE,24554.314685314686
Toyota,"SiennaLE,",22111.149450549452
Toyota,SiennaLE/DVD,21987.0
Toyota,SiennaLimited,33898.34020618557
Toyota,"SiennaLimited,",28412.802575107296
Toyota,SiennaSE,32076.861538461537
Toyota,"SiennaSE,",27064.821678321678
Toyota,SiennaXLE,29248.95064935065
Toyota,"SiennaXLE,",26428.495837187787
Toyota,"SiennaXLE,CERTIFIED,",22591.0
Toyota,Supra3dr,39495.0
Toyota,T100XtraCab,6774.6
Toyota,Tacoma,15900.0
Toyota,Tacoma2WD,22867.79615902965
Toyota,Tacoma4D,16500.0
Toyota,Tacoma4WD,28359.616052710393
Toyota,TacomaAccess,20905.08878504673
Toyota,TacomaBase,22990.0
Toyota,TacomaDouble,26750.281941470377
Toyota,TacomaPreRunner,13046.5
Toyota,TacomaPrerunner,12977.0
Toyota,TacomaRegular,14343.030888030888
Toyota,TacomaSR5,35995.0
Toyota,TacomaTRD,33825.666666666664
Toyota,Tercel2dr,2850.0
Toyota,Tundra,31911.583776839787
Toyota,Tundra2WD,12807.006153846154
Toyota,Tundra4WD,14961.424528301886
Toyota,TundraSR5,10491.5
Toyota,Venza4dr,13644.545871559632
Toyota,VenzaLE,19352.37777777778
Toyota,"VenzaLE,",17641.51360544218
Toyota,VenzaLimited,25920.70588235294
Toyota,"VenzaLimited,",21905.917525773195
Toyota,VenzaXLE,23253.99074074074
Toyota,"VenzaXLE,",20987.241379310344
Toyota,Yaris,14336.349693251534
Toyota,Yaris3-Door,10136.684210526315
Toyota,Yaris3dr,6614.066666666667
Toyota,Yaris4DR,8286.0
Toyota,"Yaris4DR,",7995.0
Toyota,Yaris4dr,6662.722891566265
Toyota,Yaris5-Door,11518.891826923076
Toyota,Yaris5dr,8419.951612903225
Toyota,YarisBase,7739.933333333333
Toyota,YarisFleet,9301.738095238095
Toyota,YarisL,10525.2
Toyota,YarisLE,9796.666666666666
Toyota,YarisSedan,10228.166666666666
Volkswagen,Atlas3.6L,41161.666666666664
Volkswagen,Beetle,16182.09885620915
Volkswagen,Beetle#PinkBeetle,21450.0
Volkswagen,Beetle1.8T,19490.0
Volkswagen,Beetle2.5L,9991.0
Volkswagen,Beetle2dr,11276.406451612904
Volkswagen,BeetleClassic,19147.5
Volkswagen,BeetleS,18436.363636363636
Volkswagen,BeetleSE,20017.166666666668
Volkswagen,BeetleSEL,24000.0
Volkswagen,CC2.0T,24053.41176470588
Volkswagen,CC4dr,13371.940136054422
Volkswagen,CCDSG,23495.821428571428
Volkswagen,CCExecutive,18915.444444444445
Volkswagen,CCLux,16256.0
Volkswagen,CCLuxury,10977.0
Volkswagen,CCR-Line,19487.416666666668
Volkswagen,CCSPORT,13998.0
Volkswagen,CCSport,15210.405660377359
Volkswagen,CCVR6,20051.941176470587
Volkswagen,Cabrio2dr,3841.9375
Volkswagen,CabrioCONVERTIBLE,1950.0
Volkswagen,Eos2.0T,6998.0
Volkswagen,Eos2dr,10823.21875
Volkswagen,EosExecutive,23477.214285714286
Volkswagen,EosFinal,24151.333333333332
Volkswagen,EosKomfort,22811.94827586207
Volkswagen,EosLux,22208.14285714286
Volkswagen,EosSport,21610.206896551725
Volkswagen,EuroVan3dr,11367.25
Volkswagen,GLI4dr,12186.504761904762
Volkswagen,GLIAutobahn,14147.666666666666
Volkswagen,GLIBase,13966.166666666666
Volkswagen,GTI2-Door,14794.142857142857
Volkswagen,GTI2dr,10839.563265306122
Volkswagen,GTI4-Door,17617.192857142858
Volkswagen,"GTI4-Door,",16903.833333333332
Volkswagen,GTI4dr,13420.786008230452
Volkswagen,GTIBase,17124.0
Volkswagen,GTIDriver's,17571.25
Volkswagen,GTIGLX,2491.0
Volkswagen,GTIWolfsburg,17007.375
Volkswagen,Golf,21779.065337001375
Volkswagen,Golf2-Door,14205.162162162162
Volkswagen,Golf2.5L,12194.135416666666
Volkswagen,Golf2013,9575.0
Volkswagen,Golf2dr,8262.57142857143
Volkswagen,Golf4-Door,18464.18424396442
Volkswagen,Golf4dr,7199.209677419355
Volkswagen,GolfS,17926.166666666668
Volkswagen,GolfSE,21221.0
Volkswagen,GolfSEL,31265.0
Volkswagen,GolfTDI,15995.0
Volkswagen,GolfWolfsburg,19307.75
Volkswagen,Jetta,12616.901634877384
Volkswagen,Jetta1.4T,16501.71225071225
Volkswagen,Jetta1.8T,19799.88888888889
Volkswagen,Jetta4dr,3632.3939393939395
Volkswagen,JettaGLI,23422.657142857144
Volkswagen,New,5990.711217183771
Volkswagen,Passat,6318.963235294118
Volkswagen,Passat*Clean,7295.0
Volkswagen,Passat1.8T,16933.969309462915
Volkswagen,Passat2.5,13326.0
Volkswagen,Passat2.5L,13181.83276450512
Volkswagen,Passat3.6L,24695.178571428572
Volkswagen,Passat4dr,14154.860373944512
Volkswagen,PassatCERTIFIED,11591.0
Volkswagen,PassatS,12665.875
Volkswagen,PassatSE,14457.0
Volkswagen,PassatTDI,20393.65992865636
Volkswagen,PassatV6,15618.389830508475
Volkswagen,PassatWolfsburg,12978.8
Volkswagen,Phaeton4dr,10342.0
Volkswagen,R322dr,13332.323529411764
Volkswagen,Rabbit2dr,6049.05
Volkswagen,Rabbit4dr,6400.2
Volkswagen,Routan4dr,10400.094650205761
Volkswagen,RoutanS,11995.0
Volkswagen,RoutanSE,18877.333333333332
Volkswagen,RoutanSEL,16599.0
Volkswagen,Tiguan,20879.0
Volkswagen,Tiguan/,12500.0
Volkswagen,Tiguan2WD,14730.518771331059
Volkswagen,Tiguan4MOTION,21465.24705882353
Volkswagen,Tiguan4WD,13686.074324324325
Volkswagen,TiguanAWD,10738.44
Volkswagen,TiguanFWD,9136.009708737864
Volkswagen,TiguanR-Line,20542.227848101265
Volkswagen,TiguanS,15550.20588235294
Volkswagen,TiguanSE,16737.287104622872
Volkswagen,TiguanSEL,19045.647058823528
Volkswagen,TiguanSport,26990.896551724138
Volkswagen,TiguanWolfsburg,24775.349206349205
Volkswagen,Touareg,11396.212121212122
Volkswagen,Touareg4dr,12760.638888888889
Volkswagen,TouaregHybrid,29994.5
Volkswagen,TouaregTDI,38588.125
Volkswagen,TouaregV6,33819.36
Volkswagen,TouaregX,38799.0
Volkswagen,e-GolfLimited,16477.833333333332
Volkswagen,e-GolfSE,16879.133333333335
Volkswagen,e-GolfSEL,17140.25
Volvo,9605dr,2990.0
Volvo,C302DR,16990.0
Volvo,C302dr,10161.160714285714
Volvo,C30R-Design,18994.666666666668
Volvo,C30T5,17937.5
Volvo,C70,16815.5
Volvo,C702.5L,9984.2
Volvo,C702dr,11084.682926829268
Volvo,C70Convertible,27980.0
Volvo,C70HT,3977.0
Volvo,C70Inscription,23681.0
Volvo,C70LT,3490.0
Volvo,C70T5,23377.846153846152
Volvo,S402.4L,5956.125
Volvo,S402.5L,6211.538461538462
Volvo,S402004,4446.75
Volvo,S402004.5,5349.714285714285
Volvo,S404dr,7712.72972972973
Volvo,S40A,4025.2
Volvo,S60,33257.140845070426
Volvo,S602.4,4022.5384615384614
Volvo,S602.4L,5301.714285714285
Volvo,S602.4T,5223.714285714285
Volvo,S602.5L,5802.725490196079
Volvo,S602.5T,6972.0
Volvo,S602015.5,23631.393063583815
Volvo,S604dr,7842.962962962963
Volvo,S60AWD,15657.153846153846
Volvo,S60FWD,13028.6091954023
Volvo,S60Sedan,12672.0
Volvo,S60T5,23098.434370771312
Volvo,S60T6,29165.447368421053
Volvo,S704dr,4098.2
Volvo,S70A,3902.0
Volvo,S70AWD,2995.0
Volvo,S70GLT,2199.0
Volvo,S70M,3800.0
Volvo,S802.5L,4549.0
Volvo,S802.5T,6980.0
Volvo,S802.9,3519.5
Volvo,S802015.5,26139.0
Volvo,S803.0L,10495.0
Volvo,S803.2L,16320.5
Volvo,S804dr,10071.65648854962
Volvo,S80T5,28536.0
Volvo,S80T6,23648.58620689655
Volvo,S90T5,41140.6976744186
Volvo,S90T6,53953.38461538462
Volvo,V405dr,3987.75
Volvo,V40A,4113.5
Volvo,V502.4L,6079.8
Volvo,V502.5L,6693.0
Volvo,V504dr,7773.515151515152
Volvo,V60,31510.049504950493
Volvo,V602015.5,25098.619047619046
Volvo,V60Polestar,62595.0
Volvo,V60T5,26847.166666666668
Volvo,V60T6,36955.833333333336
Volvo,V702.4,2969.2
Volvo,V702.4L,4797.6
Volvo,V702.4T,4971.25
Volvo,V702.5L,6380.923076923077
Volvo,V704dr,9926.391304347826
Volvo,V705dr,4677.363636363636
Volvo,V70A,3498.0
Volvo,V70R,4999.0
Volvo,V70T5,2889.0
Volvo,V70XC,4095.6875
Volvo,V70XC70,4412.9375
Volvo,V90,59347.555555555555
Volvo,V905dr,1999.0
Volvo,XC60,20165.0
Volvo,XC602015.5,29377.355704697988
Volvo,XC603.0L,22495.5
Volvo,XC603.2,18459.2
Volvo,XC603.2L,21446.815789473683
Volvo,XC604dr,16717.0
Volvo,XC60AWD,23732.963636363635
Volvo,XC60FWD,22183.065040650406
Volvo,XC60T5,32923.841796875
Volvo,XC60T6,29171.340206185567
Volvo,XC702.5L,6343.291666666667
Volvo,XC702015.5,34457.07142857143
Volvo,XC703.0T,19863.0
Volvo,XC703.2,24000.0
Volvo,XC703.2L,23343.2
Volvo,XC704dr,11533.971428571429
Volvo,XC70AWD,27345.238095238095
Volvo,XC70FWD,24546.583333333332
Volvo,XC70Platinum,24888.0
Volvo,XC70T5,28076.5
Volvo,XC70T6,30882.571428571428
Volvo,XC90,52001.38461538462
Volvo,XC902.5L,6879.892857142857
Volvo,XC902.5T,4990.0
Volvo,XC903.2,23994.5
Volvo,XC903.2L,20975.0
Volvo,XC904.4L,8079.666666666667
Volvo,XC904DR,22888.0
Volvo,XC904dr,6102.144444444444
Volvo,XC90AWD,30053.289237668163
Volvo,XC90FWD,15266.39837398374
Volvo,XC90LEATHER,16595.0
Volvo,XC90Premier,26982.0
Volvo,XC90R-Design,18498.0
Volvo,XC90T5,48085.61538461538
Volvo,XC90T6,52773.70238095238
Volvo,XC90T8,68836.77777777778
smart,fortwo,6859.344086021505
smart,fortwo2dr,6168.977777777778
smart,fortwoCabriolet,11343.333333333334
smart,fortwoCoupe,8171.652173913043
smart,fortwoPassion,12888.92
smart,fortwoPrime,12472.73076923077
smart,fortwoProxy,18269.0
smart,fortwoPure,13717.878787878788
smart,fortwopassion,7782.034090909091
smart,fortwoprime,14998.5
smart,fortwopure,7266.431137724551
